Date,Jet_Fuel_Spot_USD_bbl,Heating_Oil_Futures_USD_bbl,Brent_Crude_Futures_USD_bbl,WTI_Crude_Futures_USD_bbl,Crack_Spread_USD_bbl,Volatility_Index_pct
1/1/2020,82.48,81.18,70.56,69.6,10.87,12.34
1/2/2020,79.37,75.21,68.56,67.27,9.84,14.03
1/3/2020,83.36,79.23,70.88,69.5,12.03,20.25
1/4/2020,87.8,84.83,68.37,64.62,18.67,11.94
1/5/2020,79.08,75.59,67.7,67.09,11.6,18.98
1/6/2020,79.14,77.09,73.91,72.56,3.29,14.99
1/7/2020,88.27,84.43,73.95,72.9,13.2,14.11
1/8/2020,84.27,78.84,69.45,67.35,16.36,16.24
1/9/2020,78.15,74.97,67.55,65.81,9.67,13.04
1/10/2020,83.27,76.82,71.72,69.87,12.8,12.85
1/11/2020,78.31,74.61,70.14,69.76,8.52,6.48
1/12/2020,78.36,74.37,62.83,61.19,13.72,13.76
1/13/2020,81.96,77.44,71.86,72.5,10.73,12.6
1/14/2020,71.24,67.42,62.33,61.51,8.8,12.42
1/15/2020,72.24,64.87,60.98,58.49,10.81,17.08
1/16/2020,78.12,73.12,67.42,65.94,10.95,18.29
1/17/2020,75.93,72.32,67.63,65.62,8.78,16.16
1/18/2020,82.62,78.81,72.85,69.2,10.48,19.98
1/19/2020,76.57,70.69,61.66,62.02,16.09,17.88
1/20/2020,74.11,72.94,65.45,64.85,9.06,13.52
1/21/2020,88.56,82.4,75.08,74.11,12.1,12.69
1/22/2020,80.16,78.09,68.36,67.15,11.33,16.56
1/23/2020,81.69,78.46,69.65,66.88,14.98,17.87
1/24/2020,74.29,69.28,62.69,60.95,12.32,21.99
1/25/2020,78.75,78.36,70.51,69.94,10.61,20.96
1/26/2020,82.08,75.59,69.52,67.08,13.96,12.29
1/27/2020,75.83,73.88,61.1,57.34,14.97,14.49
1/28/2020,83.52,81.34,69.81,68.19,14.01,18.36
1/29/2020,78.69,73.42,67.43,65.94,11.23,20.34
1/30/2020,80.3,79.07,71.94,70.64,6.62,19.69
1/31/2020,78.8,74.36,68.79,68.14,10.03,14.68
2/1/2020,91.13,87.15,74.91,74.05,17.43,8.73
2/2/2020,81.85,78.28,77.03,75.75,4.22,10.01
2/3/2020,76.69,72.58,65.98,65.85,11.12,16.36
2/4/2020,86.14,83.46,77.05,73.99,9.95,16.71
2/5/2020,75.98,73.77,64.13,63.35,10.94,9.51
2/6/2020,83.18,75.52,72.3,71.48,10.43,15.22
2/7/2020,72.39,71.38,64.05,61.53,7.32,18.16
2/8/2020,75.6,68.5,67.92,65.05,6.86,9.24
2/9/2020,83.28,81.18,73.96,71.73,8.03,20.52
2/10/2020,86.04,83.99,75.75,73.57,9.39,13.11
2/11/2020,83.25,76.91,69.82,69.18,14.85,21.29
2/12/2020,81.87,76.95,67.87,65.9,13.08,12.33
2/13/2020,80.99,74.73,69.84,67.59,11.28,9.87
2/14/2020,75.15,70.96,66.68,64.73,7.97,12.71
2/15/2020,78.99,74.43,66.48,66.26,13.7,14.52
2/16/2020,80.34,77.88,71.48,70.06,10.17,13.06
2/17/2020,87.97,86.19,79.13,77.37,9.7,13.92
2/18/2020,84.45,83.02,69.03,67.54,15.72,16.67
2/19/2020,73.96,69.14,60.36,60.44,13.37,14.14
2/20/2020,84.44,79.8,71.36,69.18,11.9,14.67
2/21/2020,80.94,73.53,69.72,69.64,13.16,6.45
2/22/2020,79.53,73.94,66.02,64.91,12.74,16.96
2/23/2020,86.01,83.64,77.17,75.46,9.51,14.55
2/24/2020,88.15,86.97,76.2,77.18,13.01,23.05
2/25/2020,87.69,80.84,74.66,72.11,12.48,10.3
2/26/2020,78.88,73.75,62.74,61.13,17.18,5.96
2/27/2020,81.57,77.44,65.39,62.85,16.95,18.09
2/28/2020,84.81,81.13,72.93,72.43,13.61,16.73
2/29/2020,88.07,82.05,68.46,68.78,19.14,9.96
3/1/2020,80.84,77.64,71.75,71.98,7.8,7.35
3/2/2020,82.34,77.28,69.52,69.35,12.32,22.69
3/3/2020,77.78,73.86,75.84,74.12,2.15,22.07
3/4/2020,77.36,74.59,72.68,70.86,4.74,2.56
3/5/2020,87.44,83.08,73.78,70.63,13.27,12.71
3/6/2020,90.19,84.81,76.34,76.85,11.94,23.32
3/7/2020,83.08,78.71,73.61,72.6,9.95,12.62
3/8/2020,88.49,83.89,80.33,78.23,10.14,12.55
3/9/2020,85.32,80.31,67.6,67.58,18.18,13.59
3/10/2020,80.31,75.78,62.91,60.68,18.02,9.4
3/11/2020,85.38,84.3,70.7,69.7,15.24,6.48
3/12/2020,91.29,87.84,79.34,77.58,12.34,20.26
3/13/2020,83.45,78.68,72.42,71.61,11.96,5.79
3/14/2020,91.48,88.3,80.96,79.28,10.91,16.24
3/15/2020,70.58,66.38,56.39,53.82,13.87,19.43
3/16/2020,87.81,85.77,67.69,66.42,19.32,7.74
3/17/2020,84.16,80.7,74.11,73.68,9.8,10.38
3/18/2020,82.26,77.93,67.44,66.06,15.14,21.07
3/19/2020,84.24,80.92,65.54,65.01,18.37,17.66
3/20/2020,73.86,67.03,63.22,60.91,10.96,11.91
3/21/2020,82.72,76.33,72.69,71.21,10.47,21.01
3/22/2020,85.63,78.96,72.42,70.34,14.04,21.03
3/23/2020,91.25,86.97,76.19,75.41,16.34,16.35
3/24/2020,81.29,80.69,68.62,67.28,12.75,10.5
3/25/2020,79.85,80.32,66.76,66.12,11.78,12.93
3/26/2020,81.4,78.61,65.15,64.93,15.91,16.43
3/27/2020,88.51,85.08,73.09,72.32,15.46,14.06
3/28/2020,85.59,77.71,74.31,73.1,9.44,19.69
3/29/2020,81.31,76.16,70.08,67.68,12.62,7.35
3/30/2020,86.54,80.64,74.06,72.58,12.62,7.53
3/31/2020,84.47,79.01,68.81,66.91,16.04,15.9
4/1/2020,88.84,84.06,74.97,73.13,15.24,12.54
4/2/2020,80.5,75.53,61.89,60.28,17.98,11.86
4/3/2020,82.38,74.3,70.56,68.17,12.4,6.16
4/4/2020,82.07,79.46,74.04,70.6,7.91,15.1
4/5/2020,76.72,70.74,60.79,58.9,15.75,14.74
4/6/2020,85.52,81.72,70.94,69.71,13.81,18.27
4/7/2020,85.35,85.23,73.54,70.72,13.48,15.34
4/8/2020,84.08,78.04,75.23,73.74,8.48,14.34
4/9/2020,82.88,73.68,69.11,69.63,14.48,20.89
4/10/2020,76.98,72.56,63.36,63.12,11.75,8.44
4/11/2020,81.96,80.06,63.76,64.13,19.38,17.68
4/12/2020,82.35,82.15,70.31,69.29,13.09,6.64
4/13/2020,80.06,73.59,74.17,73.86,5.98,10.81
4/14/2020,83.26,80.09,71.6,69.45,11.43,8.94
4/15/2020,86.09,80.85,73.11,71,13.38,18.91
4/16/2020,93.5,88.61,80.44,76.09,15.35,14.67
4/17/2020,84.94,85.98,72.16,71.9,11.01,14.93
4/18/2020,85.35,78.07,70.11,70.24,16.02,9.47
4/19/2020,83.68,80.01,73.6,71.57,9.17,13.5
4/20/2020,74.46,71.67,63.96,62.43,10.47,11.18
4/21/2020,83.91,81.89,71.38,69.2,12.29,16.92
4/22/2020,84.34,80.32,68.76,67.77,15.15,10.04
4/23/2020,96.35,92.14,85.8,85.21,10.53,21.65
4/24/2020,83.06,78.12,72.59,69.4,9.33,6.62
4/25/2020,85.52,81.78,71.03,70.02,15.52,10.97
4/26/2020,83.83,78.95,74.26,72.5,7.77,23.39
4/27/2020,78.15,75.48,64.93,63.75,13.75,12.82
4/28/2020,89.69,84.47,73.89,72.88,15.47,8.43
4/29/2020,87.73,84.1,72.29,70.66,14.27,16.1
4/30/2020,87.91,83.46,69.41,67.92,18.7,12.62
5/1/2020,79.39,77.68,68.9,67.31,8.94,10.82
5/2/2020,90.94,86.29,71.81,71.34,19.17,9.52
5/3/2020,76.9,69.51,61.68,60.87,13.8,28.84
5/4/2020,86.83,85.01,67.58,66.45,19.71,13.74
5/5/2020,94.83,88.28,80.35,77.47,13.56,5.37
5/6/2020,78.91,73.65,66.62,64.91,11.84,22.47
5/7/2020,81.01,75.77,67.88,67.42,13.43,18.06
5/8/2020,84.32,82.85,68.54,67.21,15,11.17
5/9/2020,81.28,72.95,65.57,64.92,15.65,10.33
5/10/2020,76.03,78.5,66.02,66.46,8.5,18.37
5/11/2020,84.1,82.01,69.84,69.48,14.9,13.77
5/12/2020,78.43,74.95,67.61,66.35,12.58,5.37
5/13/2020,86.08,81.67,70.51,68.59,18.36,23.94
5/14/2020,79.09,75.71,67.77,63.86,11.41,12.83
5/15/2020,91.42,87.89,81.61,79.81,10.59,22.48
5/16/2020,79.73,77.03,69.53,67.81,8.42,21.39
5/17/2020,82.01,79.02,68.47,67.49,15.04,9.99
5/18/2020,87.66,83.46,75.28,73.62,13.15,20.17
5/19/2020,77.41,73.15,65.08,63.45,11.85,11.74
5/20/2020,84.67,80.14,72,68.78,13.91,5.67
5/21/2020,90.05,85.15,75.56,73.11,14.23,12.88
5/22/2020,75.44,73.94,63.63,62.84,11.35,16.99
5/23/2020,84.38,81.34,72.36,72.62,12.5,12.69
5/24/2020,84.72,74.61,69.03,67.56,14.63,13.46
5/25/2020,87.3,84.25,71.16,70.06,17.16,20.72
5/26/2020,77.18,73.71,61.44,61.16,14.69,15.53
5/27/2020,76.73,72.86,60.42,58.4,15.26,10.78
5/28/2020,85.91,80.84,69.37,68.35,15.63,18.51
5/29/2020,84.75,82.76,72.52,70.33,12.99,15.99
5/30/2020,84.49,82.16,69.14,68.62,14.73,2.39
5/31/2020,84.93,79.14,73.74,72.41,9.85,17.14
6/1/2020,79.77,76.59,67.91,66.85,11.26,16.96
6/2/2020,84.3,78.14,65.75,63.65,18.52,15.1
6/3/2020,84.57,77.58,73.85,73.08,9.54,19.46
6/4/2020,79.49,74.27,70,70.69,8.34,11.64
6/5/2020,92.36,89.47,75.52,73.01,18.95,16.68
6/6/2020,85.36,83,73.82,72,10.68,7.17
6/7/2020,77,74.18,62.88,61.86,13.8,17.04
6/8/2020,86.21,83.34,73.57,72.88,12.27,24.77
6/9/2020,78.01,75.14,62.52,60.71,15.07,10.03
6/10/2020,86.78,81.16,68.39,64.19,19.02,11.2
6/11/2020,88.6,85.04,74.17,74.04,15.39,11.45
6/12/2020,78.67,76.34,66.5,65.93,11.87,15.65
6/13/2020,87.55,84.68,73.23,70.02,13.09,9.68
6/14/2020,84.76,82.9,68.49,66.52,17.54,17.11
6/15/2020,86.77,83.85,72.55,72.67,14.12,19.23
6/16/2020,92.1,88.2,79.1,78.96,14.74,17.67
6/17/2020,81.35,79.43,69.02,68.57,10.09,6.16
6/18/2020,78.77,74.78,67.5,65.98,11.46,19.98
6/19/2020,78.05,72.39,64.34,63.13,15.64,19.69
6/20/2020,78.38,74.14,70.14,68.61,7.89,19.15
6/21/2020,82.04,76.45,66.2,66.01,15.61,16.86
6/22/2020,84.09,78.53,72.94,70.6,11.45,16.1
6/23/2020,83.73,79.25,74.71,72.41,8.45,20.16
6/24/2020,86.44,80.53,74.92,74.43,11.21,24.62
6/25/2020,82.33,77.6,69.37,67.94,12.62,10.23
6/26/2020,89.49,81.23,74.48,74.37,14.38,20.39
6/27/2020,80.86,77.24,71.84,69.73,10.25,14.57
6/28/2020,95.74,90.96,77.11,75.51,19.09,14.35
6/29/2020,85.23,79.33,69.53,67.22,15.95,7.32
6/30/2020,77.77,75.2,64.92,63.62,13.67,13.58
7/1/2020,76.66,74.71,68.88,66.02,7.52,10.01
7/2/2020,84.39,76.96,72.87,70.93,10.75,12.68
7/3/2020,80.82,75.25,65.79,63.04,14.42,9.51
7/4/2020,85.47,79.66,71.72,70.98,13.75,12.76
7/5/2020,84.22,78.13,69.75,69.07,13.42,12.97
7/6/2020,81.45,79.04,67.1,64.03,13.85,15.48
7/7/2020,77.54,73.28,68.85,68.8,8.18,6.93
7/8/2020,74.16,69.92,58.92,60.24,17.36,7.77
7/9/2020,79.46,71.48,72.37,70.97,4.32,16.81
7/10/2020,85.94,82.91,75.53,73.38,10.23,11.01
7/11/2020,82.69,76.07,73.55,74.91,10.86,20.37
7/12/2020,75.35,71.7,62.66,60.08,12.81,16.13
7/13/2020,82.4,78.84,69.59,68.22,13.56,18.03
7/14/2020,83.42,81.97,66.61,65.46,16.91,22.05
7/15/2020,77.04,70.57,63.91,63.97,12.46,13.45
7/16/2020,82.19,72.04,71.34,70.27,8.6,12.13
7/17/2020,81.67,77.95,73.31,71.34,8.57,19.36
7/18/2020,75.62,75.44,60.96,58.79,13.89,17.55
7/19/2020,83.09,81.41,69.53,67.8,12.76,14.06
7/20/2020,84.07,80.28,71,68.58,12.56,21.96
7/21/2020,86.64,81.32,69.46,68.11,18.93,13.94
7/22/2020,86.46,83.75,75.26,73.19,13.6,15.16
7/23/2020,74.26,68.6,60.95,58.24,13.53,15.11
7/24/2020,76.42,73.55,64.37,64.34,11.58,10.33
7/25/2020,83.65,80.48,69.75,67.85,12.73,15.39
7/26/2020,83.61,81.55,68.7,66.06,15.38,21.98
7/27/2020,83.58,84.92,71.02,69.43,14.34,17.22
7/28/2020,100.23,96,84.55,82.93,15.43,15.16
7/29/2020,83.79,78.58,70.1,66.95,11.3,14.19
7/30/2020,86.58,82.2,71.4,70.31,15.84,16.65
7/31/2020,85.63,77.81,73.75,71.22,12.87,18.75
8/1/2020,84.09,78.49,76.43,76.62,6.07,18.05
8/2/2020,79.22,74.44,67.76,66.92,11.64,13.34
8/3/2020,84.56,79.28,74.86,72.97,10.15,16.62
8/4/2020,76.87,73.33,61.17,59.2,15.63,17.4
8/5/2020,79.51,73.89,68.06,66.59,10.66,9.96
8/6/2020,78.24,76.57,63.21,62.56,16.04,15.84
8/7/2020,81.04,76.99,64.46,63.14,16.18,4.19
8/8/2020,92.18,87.55,76.13,74.39,14.56,17.41
8/9/2020,71.24,67.02,64.13,62.9,5.06,18.3
8/10/2020,83.98,80.09,74.23,72.14,11.01,18.74
8/11/2020,72.45,70.48,62.31,60.72,10.76,13.02
8/12/2020,78.13,72.49,61.81,58.49,16.41,16.55
8/13/2020,85.9,80.29,72.43,71.96,13.03,22.12
8/14/2020,80.75,76.11,69.55,68.45,10.68,22.07
8/15/2020,75.02,68.58,64.29,62.23,9.65,14.85
8/16/2020,76.8,71.33,59.75,60.46,16.62,15.7
8/17/2020,83.75,78.61,68.52,67.24,13.11,20.55
8/18/2020,76.68,74.59,64.98,62.65,10.96,7.5
8/19/2020,81.39,77.84,70.79,70.23,10.29,13.38
8/20/2020,80.51,76.87,61.85,61.01,19.27,21.68
8/21/2020,77,74.85,64.97,64.06,12,19.88
8/22/2020,90.96,86.14,77.74,75.76,14.01,16.85
8/23/2020,83.39,80,73.43,72.41,11.31,7.47
8/24/2020,70.07,66.36,61.64,60.14,9.49,14.75
8/25/2020,81.11,77.58,70.69,69.83,10.89,12.05
8/26/2020,76.85,71.84,62.92,59.76,13.94,16.66
8/27/2020,84.4,75.3,66.02,64.26,17.4,10.95
8/28/2020,76.16,72.08,63.56,64.01,13.34,9.87
8/29/2020,79.53,78.4,70.61,68.43,10.6,4.68
8/30/2020,82.61,80.33,74.4,72.31,8.55,21.11
8/31/2020,84.4,82.11,73.87,71.95,12.45,13
9/1/2020,74.06,72.83,64.24,61.74,8.29,15.79
9/2/2020,78.37,74.63,67.75,64.19,9.46,14.99
9/3/2020,77.66,74.17,64.34,62.82,14.17,9.66
9/4/2020,76.75,71.68,64.85,63.69,12.17,8.7
9/5/2020,88.83,83.76,80.52,78.85,9.63,9.97
9/6/2020,82.02,79.15,66.89,65.41,15.12,11.38
9/7/2020,73.68,72.4,67.47,66.17,5.34,16.83
9/8/2020,84.57,80.06,70.91,70.52,13.44,11.02
9/9/2020,90.58,85.15,80.97,79.16,8.08,23.73
9/10/2020,85.12,80.87,68.13,66.2,15.86,20.14
9/11/2020,72.36,69.94,63.26,61.71,10.07,19.04
9/12/2020,77.53,70.76,63.69,62.99,14.71,14.4
9/13/2020,86.28,77.37,69.09,69.12,17.55,22.57
9/14/2020,76.4,71.48,65.6,63.66,9.08,13.91
9/15/2020,82.15,75.61,72.86,71.5,8.94,14.84
9/16/2020,83.81,78.6,68.7,67.66,13.88,15.85
9/17/2020,75.3,71.24,59.51,57.32,16.97,18.51
9/18/2020,79.63,74.74,67.41,66.08,11.64,18.18
9/19/2020,63.72,63.44,53.9,51.36,8.74,12.62
9/20/2020,74.81,71.72,65.23,62.16,9.61,12.34
9/21/2020,78.67,75.34,69.72,68.69,8.31,18.2
9/22/2020,73.7,71.26,62.46,60.83,12.72,18.58
9/23/2020,88.1,81.42,80.45,79.05,6.91,13.03
9/24/2020,72.79,71.23,62.55,61.28,8.85,7.06
9/25/2020,77.75,73.71,65.05,62.77,10.55,13.96
9/26/2020,80.61,77.92,63.68,62.36,16.9,18.12
9/27/2020,87.17,80.67,73.31,70.61,13.3,24.03
9/28/2020,72.79,66.05,60.86,61.04,10.5,9.01
9/29/2020,85.8,83.14,75.81,72.94,11.18,12.87
9/30/2020,80.04,76.79,69.42,67.84,11.29,13.05
10/1/2020,75.09,69.53,60.29,58.04,14.77,21.78
10/2/2020,82.32,76.47,70.49,69.65,13.2,14.83
10/3/2020,81.02,79.22,70.88,69.13,10.8,10.46
10/4/2020,77.04,70.81,70.07,68.15,6.15,17.79
10/5/2020,80.4,79.67,71,70.44,8.36,12.98
10/6/2020,78.14,72.43,68.7,67.36,10.26,8.88
10/7/2020,80.65,77.9,68.73,67.88,12.31,10.54
10/8/2020,83.41,78.58,72.06,69.64,11.52,23.67
10/9/2020,88.05,84.85,78.59,75.61,8.61,16.92
10/10/2020,73.95,69.16,58.86,57.79,15.7,15.54
10/11/2020,90.82,85.96,76.15,74.31,13.92,13.75
10/12/2020,70.42,66.98,57.54,57.01,12.78,16.46
10/13/2020,79.44,73.46,68.66,67.21,12.23,16.4
10/14/2020,83.16,80.49,74.38,73.1,8.12,16.46
10/15/2020,81.65,76.54,67.61,64.64,12.47,15.57
10/16/2020,77.15,72.84,58.41,59.13,17.69,19.34
10/17/2020,79.25,73.3,66.13,64.64,14.12,15.12
10/18/2020,77.85,68.84,68.92,68.24,9.19,10.11
10/19/2020,77.4,73.15,67.4,65.22,9.87,11.94
10/20/2020,84.62,85.21,73.21,72.06,10.9,5.1
10/21/2020,82.19,79.65,69.02,66.33,13.65,25.13
10/22/2020,76.97,73.08,61.58,60.8,14.53,19.31
10/23/2020,84.96,80.18,73.76,71.93,11.5,10.85
10/24/2020,82.03,77.97,67.22,65.9,14.08,13.59
10/25/2020,84.59,81.45,78.45,77.58,5.24,11.82
10/26/2020,83.7,77.16,72.86,70.17,10.21,22.71
10/27/2020,76.44,74.85,63.23,61.28,12.83,7.9
10/28/2020,77.82,75.36,64.31,63.48,13.46,15.57
10/29/2020,84.39,81.61,71.45,72.12,13.17,14.46
10/30/2020,83.74,80.43,70.46,68.92,9.59,19.13
10/31/2020,80.62,76.63,71.88,71.03,7.94,14.48
11/1/2020,81.35,78.63,69.71,68.21,11.25,6.21
11/2/2020,87.19,84.01,71.92,72.42,16.78,13.74
11/3/2020,77.88,73.28,71.87,68.69,4.93,10.14
11/4/2020,83.62,78.29,71.22,69.89,12.56,15.4
11/5/2020,79.91,76.12,70.23,67.2,11.17,22.17
11/6/2020,79.87,78.98,66.07,62.24,12.49,6.3
11/7/2020,86.5,79.69,74.61,73.42,12.28,11
11/8/2020,85.17,77.98,73.33,72,11.04,12.24
11/9/2020,85.15,81.23,66.71,65.09,17.94,13.09
11/10/2020,87.66,83.38,80.56,78.84,6.3,18.7
11/11/2020,81.28,77.56,72.96,74.6,7.59,14.13
11/12/2020,84.63,80.89,70.74,69.07,16.61,17.08
11/13/2020,79.71,75.28,64.45,63.67,16.11,11.87
11/14/2020,82.93,81.77,71.54,69.46,12.5,16.15
11/15/2020,80.71,73.47,68.86,67.78,12.34,18.89
11/16/2020,81.89,76.14,70.67,69.02,9.61,11.34
11/17/2020,84.43,80,72.34,70.48,12.48,18.91
11/18/2020,77.41,70.26,67.32,67.79,11.17,15.26
11/19/2020,92.01,87.06,82.55,82.08,8.61,20.23
11/20/2020,76.57,76.07,66.79,65.59,10.75,13.99
11/21/2020,75.58,71.85,61.1,57.57,15.19,16.91
11/22/2020,87.5,83.58,78.46,76.53,10.89,14.8
11/23/2020,85.71,78.91,77.78,78.93,7.52,14.52
11/24/2020,84.93,79.45,81.65,79.78,2.19,16.29
11/25/2020,85,80,68.88,68.61,15.76,17.68
11/26/2020,81.85,77.13,70.3,70.34,12.98,8.75
11/27/2020,77.48,76.17,59.61,58.64,16.04,22.17
11/28/2020,82.4,79.4,71.7,69.42,8.63,5.7
11/29/2020,78.69,72.53,65.24,61.5,13.54,11.58
11/30/2020,87.01,83.15,79.73,78.82,6.84,14.53
12/1/2020,81.45,78.38,66.91,64.76,14.55,17.06
12/2/2020,78.12,76.49,61.33,60.28,17.73,22.88
12/3/2020,80.69,79.82,67.18,64.58,12.97,5.71
12/4/2020,84.42,78.17,65.83,64.25,16.72,12.46
12/5/2020,79.6,73.99,69.91,68.55,11.73,4.37
12/6/2020,78.36,71.93,60.41,59.47,16.95,15.16
12/7/2020,83.75,79.09,71.27,68.73,11.42,16.36
12/8/2020,83.81,80.56,65.01,64.9,19.91,22.95
12/9/2020,80.11,78.08,67.14,65.2,12.59,15.6
12/10/2020,80.35,76.18,73.23,70.09,7.06,20.22
12/11/2020,83.93,79.09,72.42,70.86,11.99,17.92
12/12/2020,75.59,72.11,61.66,60.46,15.01,12.82
12/13/2020,75.85,70.39,64.38,63.25,11.14,7.96
12/14/2020,79.35,79.57,67.5,67.52,13.37,16.38
12/15/2020,81.94,74.63,71.07,69.41,8.74,7.54
12/16/2020,84.62,80.76,67.83,66.35,17.55,21.48
12/17/2020,90.51,90.03,78.71,76.03,10.96,14.19
12/18/2020,87.48,83.12,66.24,65.74,22.61,20.98
12/19/2020,82.45,77.95,68.19,67.01,14.4,12.6
12/20/2020,83.22,78.34,69.27,67.46,13.27,16.34
12/21/2020,78.36,74.08,68.51,65.23,10.52,16.05
12/22/2020,83.34,81.92,70.91,70.94,13.33,14.77
12/23/2020,82.06,73.53,65.53,62.99,17.17,12.84
12/24/2020,85.17,83.98,69.44,67.46,14.7,16.96
12/25/2020,79.49,72.66,68.16,67.15,10.84,10.37
12/26/2020,86.28,81.43,73.1,70.44,13.18,8.95
12/27/2020,91.41,85.98,75.96,72.95,15.41,21.21
12/28/2020,83.27,80.28,69.33,65.82,14.68,18.64
12/29/2020,85.88,78.39,75.09,74.31,8.78,15.33
12/30/2020,87.39,83.94,72.72,70.73,15,23.33
12/31/2020,81.99,81.94,69.43,70.97,12.27,13.66
1/1/2021,85.18,78.2,78.91,76.34,5.43,21.61
1/2/2021,84.19,80.36,67.29,65.02,16.16,15.88
1/3/2021,84.67,79.12,66.42,64.52,18.04,9.88
1/4/2021,80.38,77.22,70.68,69.51,6.11,24.24
1/5/2021,84.43,80.25,69.73,67.87,14,19.95
1/6/2021,86.86,81.24,72.88,72.03,13.11,14.39
1/7/2021,91.69,88.08,75.59,73.1,16.63,18.64
1/8/2021,89.29,88.44,75.12,72.24,13.37,12.98
1/9/2021,95.33,90.18,85.82,82.31,9.29,19.15
1/10/2021,80.78,78.18,71.07,67.43,11.25,3.04
1/11/2021,89.04,82.01,78.27,76.19,11.76,9.9
1/12/2021,85.66,79.47,68.56,66.89,18,19.9
1/13/2021,95.75,91.91,77.94,75.75,17.32,13.75
1/14/2021,80.83,79.75,60.18,60.22,21.18,16.04
1/15/2021,80.73,77.4,66.19,66.1,14.3,8.27
1/16/2021,81.99,77.27,72.56,70.78,9.23,24.24
1/17/2021,74.43,70.71,64.82,61.73,10.02,20.95
1/18/2021,82.48,75.86,69.44,67.49,12.44,14
1/19/2021,81.37,78.51,69.1,67.12,13.77,12.98
1/20/2021,85.98,83.45,71.02,68.94,14.8,20.15
1/21/2021,87,81.74,74.56,72.37,13.05,24.91
1/22/2021,94.73,89.05,82.82,80.51,13.37,19.77
1/23/2021,90.16,86.18,71.79,69.97,19.4,25.86
1/24/2021,82.58,77.58,71.09,69.04,10.08,10.39
1/25/2021,81.03,76.85,71.67,70.45,9.8,10.9
1/26/2021,88.04,87.84,73.59,72.48,15.3,9.06
1/27/2021,79.04,74.59,69.28,66.99,10.65,17.21
1/28/2021,94.85,89.39,89.07,88.56,4.67,15.88
1/29/2021,91.65,85.77,77.59,75.06,13.4,14.24
1/30/2021,83.46,80.78,72.12,69.06,12.33,19.05
1/31/2021,77.3,73.07,63.49,62.6,13.05,21.16
2/1/2021,92.69,86.75,79.33,76.92,13.06,7.37
2/2/2021,85.4,83.77,73.97,72.81,13.01,12.02
2/3/2021,92.22,90.44,78.97,74.99,13.2,19.1
2/4/2021,78.11,73,63.33,63.46,14.05,12.66
2/5/2021,83.14,75.25,71.29,70.53,10.97,11.01
2/6/2021,86.21,83.92,77.67,74.61,8.88,20.09
2/7/2021,86.47,80.78,74.85,71.87,10.29,8.55
2/8/2021,84.04,81.42,74.32,74.51,9.47,13.49
2/9/2021,89.46,81.04,75.33,73.08,14.46,16.64
2/10/2021,81.05,78.79,71.15,68.89,11.21,12.13
2/11/2021,85.73,79.02,73.71,69.97,12.69,18.92
2/12/2021,87.09,84.2,71.18,69.4,15.2,12.16
2/13/2021,89.11,84.69,76.7,74.94,13.59,22.04
2/14/2021,90.15,83.73,73.65,72.89,16.2,14.37
2/15/2021,81.01,76.15,66.96,64.22,12.81,18.36
2/16/2021,79.01,76.43,67.73,64.85,11.11,18.73
2/17/2021,93.12,88.67,80.04,78.89,14.51,11.86
2/18/2021,88.44,85.18,71.6,71.18,17,4.73
2/19/2021,83.08,82.88,73.78,70.73,9.31,16.8
2/20/2021,94.62,86.76,82.14,81.58,14.11,15.36
2/21/2021,87.49,86.35,72.25,70.84,13.81,17.78
2/22/2021,92.85,88.41,74.31,73.91,17.25,13.87
2/23/2021,87.33,81.17,73.8,72.25,11.92,12.85
2/24/2021,97.34,89.81,81.4,77.25,16.31,25.04
2/25/2021,95.85,90.68,81.81,80.03,14.2,7.64
2/26/2021,85.87,83.42,71.9,71.52,15.51,18.67
2/27/2021,92.01,87.16,72.19,69.85,20.07,12.13
2/28/2021,90.42,88.92,75.69,73.79,14.32,13.32
3/1/2021,94.07,86.47,79.05,77.29,15.03,13.41
3/2/2021,82.44,78.3,71.98,67.64,10.58,10.98
3/3/2021,90.73,83.69,75.03,75.2,14.03,17.86
3/4/2021,92.63,88.73,83.77,81.2,11.57,21.95
3/5/2021,78.58,76.43,61.06,60.34,18.04,17.35
3/6/2021,81.49,76.58,73.2,71.65,8.5,15.52
3/7/2021,77.25,68.17,64.99,64.94,12.87,10.07
3/8/2021,86.13,82.22,75.79,74.68,11.05,17.58
3/9/2021,91.09,87.41,77.67,75.88,13.28,25.78
3/10/2021,95.05,91.1,84.21,81.63,10.21,13.1
3/11/2021,87.94,86.01,73.58,72.91,14.95,13.12
3/12/2021,95.74,88.81,78.08,74.65,18.04,12.19
3/13/2021,80.72,78.05,72.88,72.06,7.04,12.55
3/14/2021,79.13,77.56,66.92,64.49,13.63,1.27
3/15/2021,87.4,79.47,74.95,74.71,12.74,17.03
3/16/2021,89.62,85.78,79.88,78.45,10.47,10.77
3/17/2021,87.56,82.18,71.33,70.55,17.62,6.95
3/18/2021,77.41,73.38,67.59,66.32,9.85,18.77
3/19/2021,87.33,83.66,72.46,69.26,15.19,9.59
3/20/2021,81.27,76.24,68.69,66.45,13.4,13.31
3/21/2021,91.17,85.26,77.71,76.83,12.73,22.33
3/22/2021,89.67,85.26,71.72,70.45,18.01,7.95
3/23/2021,83.16,76.83,68.35,68.16,14.94,7.34
3/24/2021,85.31,78.87,76.56,75.44,7.79,16.35
3/25/2021,82.6,79.83,72.87,70.44,12.05,20.75
3/26/2021,87.6,80.92,74.27,71.99,11.92,7.13
3/27/2021,92.7,89.4,79.53,78.04,11.88,17.04
3/28/2021,83.01,79.79,69.68,65.97,14.65,17.9
3/29/2021,90.48,82.5,80.98,81.03,10.22,4.7
3/30/2021,85.32,79.7,71.92,70.92,12.37,18.99
3/31/2021,84.02,82.21,72.11,71.9,12.51,19.38
4/1/2021,87.46,81.12,77.78,74.64,11.15,13.44
4/2/2021,82.83,77.76,68.07,67.96,14.73,21.26
4/3/2021,85.25,81.91,77.14,77.82,10.71,20.68
4/4/2021,82.03,79.5,65.14,62.51,15.17,15.52
4/5/2021,97.86,92.46,88.07,87.08,10.48,12.74
4/6/2021,88.22,82.61,73.87,72.39,15.52,10.14
4/7/2021,84.55,83.16,71.14,68.17,14.3,14.81
4/8/2021,89.12,88.14,70.08,69.17,18.83,17.85
4/9/2021,87.49,85.08,73.01,72.38,14.2,13.38
4/10/2021,86.95,82.78,70.79,68.77,16.61,4.01
4/11/2021,91.13,84.96,75.64,75.29,16.31,21.34
4/12/2021,91.85,85.6,77.66,74.44,14.79,15.95
4/13/2021,85.41,82.19,75.47,72.47,10.98,13.1
4/14/2021,85.19,81.76,73.03,71.71,11.14,19.29
4/15/2021,86.69,85.16,74.61,73.14,11.85,22.62
4/16/2021,76.55,74.03,61.78,59.83,13.83,0.99
4/17/2021,80.48,73.45,65.77,65.26,14.33,17.17
4/18/2021,94.89,92.25,86.05,84.86,9.85,7.87
4/19/2021,96.28,89.47,79.63,78.9,16.76,17.5
4/20/2021,86.8,81.69,78.75,77.05,10.66,15.64
4/21/2021,90.92,86.88,76.56,75.63,14.56,18.18
4/22/2021,89.59,89.1,76.16,74.19,13.49,12.5
4/23/2021,103.42,104.47,91.12,91.35,12.41,5.63
4/24/2021,93.62,90.15,83.39,80.91,9.59,12.75
4/25/2021,87.37,82.64,73.93,74.56,13.38,17.03
4/26/2021,83.22,80.13,69.57,68.22,14.78,20.08
4/27/2021,79.96,77.73,67.8,65.06,12.28,9.14
4/28/2021,89,83.9,76.66,76.49,11.54,20.14
4/29/2021,84.18,83.56,74.23,72.87,9.03,11.76
4/30/2021,80.84,77.26,68.73,68.2,11.66,16.81
5/1/2021,84.71,81.47,73.86,73.6,10.92,12.45
5/2/2021,82.52,79.72,75.05,73.89,8.66,15.91
5/3/2021,96.34,92.37,83.04,80.78,11.97,19.46
5/4/2021,92.3,89.36,79.39,78.78,12.59,8.86
5/5/2021,87.83,82.21,70.1,68.7,17.88,11.6
5/6/2021,95.26,89.38,73.08,72.3,20.35,15.92
5/7/2021,88.23,81.61,76.16,72.48,11.24,27.01
5/8/2021,83.51,80.22,70.7,69.73,12.13,10.68
5/9/2021,95.41,92.2,79.56,77.33,15.06,25.2
5/10/2021,90.47,86.87,77.63,77.73,13.03,25.02
5/11/2021,82.57,81.79,70,69.23,12.41,14.51
5/12/2021,86.78,82.43,77.15,75.85,9.08,13.51
5/13/2021,83.33,80.51,71.09,70.16,12.67,11.54
5/14/2021,80.78,74.55,66.42,64.09,16.08,14.66
5/15/2021,92.3,86.91,81.42,81.42,12.51,7.97
5/16/2021,97.19,93.72,81.96,82.31,13.31,14.62
5/17/2021,80.62,78.29,70.11,69.1,11.09,22.48
5/18/2021,90.4,85.3,75.41,75.49,14.81,11.94
5/19/2021,84.31,79.95,69.71,67.75,14.75,13.8
5/20/2021,85.1,77.81,72.59,70.34,12.11,6.49
5/21/2021,84.55,79.6,71.9,70.51,12.76,16.87
5/22/2021,83.16,80.78,72.12,71.12,11.19,16.32
5/23/2021,87.69,84.46,73.73,71.86,13.38,15.32
5/24/2021,83.27,80.1,65.27,64.5,17.1,13.92
5/25/2021,88.74,84.41,74.13,72.96,14.16,13.54
5/26/2021,87.11,82.77,76.42,73.9,10.92,17.51
5/27/2021,86.13,80.51,72.32,71.39,14.41,14.86
5/28/2021,82.76,80.02,69.61,69.08,14.01,16.57
5/29/2021,84.38,81,74.68,73.36,9.2,16.07
5/30/2021,91.01,87.44,75.22,74.87,16.07,20.62
5/31/2021,89.7,84.17,71.62,68.97,19.05,18.38
6/1/2021,82.28,73.86,69.45,68.53,13.99,15.96
6/2/2021,87.63,85.44,73.03,70.4,14.54,22.59
6/3/2021,90.85,85.35,74.33,71.73,16.31,17.1
6/4/2021,78.72,73.05,66.38,64.42,12.52,21.52
6/5/2021,89.74,86.64,77.76,75.26,10.84,18.03
6/6/2021,83.68,78.71,71.1,69.13,12.39,5.79
6/7/2021,89.81,87.44,77.26,75.5,13.3,21.52
6/8/2021,83.1,80.18,76.08,75.39,7.67,15.68
6/9/2021,77.86,75.33,65.15,63.53,12.44,14.74
6/10/2021,78.71,72.04,67.74,64.8,11.19,16.41
6/11/2021,87.05,85.12,72.46,72.16,13.76,13.28
6/12/2021,88.07,84.19,72.32,70.04,16.45,16.14
6/13/2021,82.21,77.36,68.13,66.7,14.01,12.04
6/14/2021,89.89,85.68,74.97,73.92,14.64,21.37
6/15/2021,78.35,70.88,67.68,66.52,10.31,14.43
6/16/2021,86.29,82.79,80.39,79.88,5.83,13.09
6/17/2021,80.52,74.44,66.3,65.45,13.78,10.38
6/18/2021,83.28,76.41,69.54,67.29,14.4,16.34
6/19/2021,86.74,79.36,73.54,74.25,12.8,15.94
6/20/2021,82.16,80.28,71.02,69.8,12.73,16.94
6/21/2021,84.5,79.01,72.61,71.01,13.35,9.86
6/22/2021,91.41,89.91,81.55,80.89,8.97,6.99
6/23/2021,83.46,78.21,63.66,62.64,19.87,18.13
6/24/2021,90.48,82.54,69.75,68.75,20.08,22.42
6/25/2021,80.61,74.35,67.03,68.18,13.25,9.87
6/26/2021,88.87,86.9,78.83,76.98,12.04,22.95
6/27/2021,93.39,88.41,74.68,72.87,18.4,16.42
6/28/2021,73.78,69,53.69,52.73,20.45,14.96
6/29/2021,82.11,78.33,71.51,71.15,11.14,13.01
6/30/2021,88.94,85.5,76.33,73.3,11.61,8.08
7/1/2021,85,82.99,68.98,65.64,15.17,19.94
7/2/2021,87.83,86.34,71.7,69.68,14.93,11.12
7/3/2021,82.92,78.05,67.57,64.58,14.46,11.1
7/4/2021,86.33,79.36,73.71,71.81,9.77,19.96
7/5/2021,85.08,80,70.44,69.53,15.18,5.59
7/6/2021,91.65,87.59,79.39,76.91,14.32,7.38
7/7/2021,87.05,80.77,65.42,62.69,21.77,14.91
7/8/2021,87.42,81.14,71.74,70.37,14.27,16.47
7/9/2021,83.63,80.14,67.71,67.22,15.28,17.42
7/10/2021,83.21,78.96,69.96,66.87,12.79,13.49
7/11/2021,83.45,79.34,69.32,68.75,13.11,27.65
7/12/2021,87.54,81.65,76.81,76.09,11.6,13.86
7/13/2021,83.43,78.8,65.34,64.98,18.9,13.85
7/14/2021,86.94,80.75,74.04,73.77,11.75,11.02
7/15/2021,95.83,92.82,83.13,83.67,13.42,15.62
7/16/2021,89.77,87.35,81.87,79.88,9.42,18.07
7/17/2021,83.75,75.87,69.74,68.45,15.91,21.02
7/18/2021,91.34,84.92,78.61,76.63,15.59,7.55
7/19/2021,83.26,76.1,65.36,64.05,17,13.77
7/20/2021,75.07,70.02,56.63,57.03,21.26,17.23
7/21/2021,80.18,76.01,70.69,67.93,9.14,17.94
7/22/2021,75.83,69.14,64.44,62.29,10.8,15.03
7/23/2021,83.39,77.38,74.42,74.31,9.3,17.71
7/24/2021,85.2,78.93,68.3,67.96,16.32,10.96
7/25/2021,93.46,89.2,81,79.01,12.86,22.79
7/26/2021,86.67,82.48,79.28,78.55,6.07,19.96
7/27/2021,83.91,78.27,72.58,71.47,11.09,8.28
7/28/2021,89.11,85.01,76.58,76.54,13.82,9.62
7/29/2021,73.87,69.09,62.82,61.64,11,9.77
7/30/2021,86.07,81.23,68.45,68.11,17.77,18.39
7/31/2021,88.72,87.63,79.47,80.53,9.72,8.58
8/1/2021,77.43,76.24,63.99,63.3,14.62,13.34
8/2/2021,90.51,83.39,78.45,76.93,10.41,17.27
8/3/2021,86.45,83.79,68.8,68.14,18.24,14.67
8/4/2021,82.65,80.14,66.72,65.02,15.67,16.29
8/5/2021,87.86,81.17,78.99,79.79,9.04,9.67
8/6/2021,96.02,92.85,80.57,79.14,16.5,17.97
8/7/2021,85.54,84.34,77.07,75.26,7.28,11.93
8/8/2021,85.84,79.31,72.73,70.44,12.1,13.38
8/9/2021,82.28,76.33,64.41,64.22,15.93,16.19
8/10/2021,80.29,78.31,70.93,70.37,8.82,15.52
8/11/2021,88.67,84.78,73.6,71.63,16.4,15.12
8/12/2021,80.21,77.3,70.27,69.44,9.81,11.25
8/13/2021,84.82,81.26,72.17,69.22,11.31,13.5
8/14/2021,82.04,78.72,65.11,63.99,16.45,15.01
8/15/2021,86.8,79.81,74.27,73.24,11.04,8.12
8/16/2021,86.05,83.84,79.73,79.84,5.19,12.69
8/17/2021,89.54,87.4,77.59,75.27,12.34,16.94
8/18/2021,81.78,77.23,69.34,66.67,11.27,8.61
8/19/2021,82.95,78.72,73.74,71.37,10.33,20.78
8/20/2021,79.39,72.36,68.11,65.41,11.2,21.35
8/21/2021,82.04,78.96,70.36,70.29,11.76,8.77
8/22/2021,86.12,82.96,69.93,70.08,15.91,21.79
8/23/2021,88,83.48,75.5,74.31,13.27,14.28
8/24/2021,79.58,77.85,70.75,70.56,9.61,17.09
8/25/2021,88.52,83.43,72.74,71.41,16.12,12.52
8/26/2021,90.93,87.52,81.57,79.84,9.93,19.62
8/27/2021,86.2,79.85,73,71.2,12.99,17.03
8/28/2021,93.5,88.78,76.81,74.97,17.23,10.93
8/29/2021,80.23,75.87,71.19,68.22,8.7,9.17
8/30/2021,77.86,74.42,65.32,64.28,12.54,7.7
8/31/2021,75.18,70.68,66.18,64.81,8.72,15.94
9/1/2021,91.54,86.7,76.93,76.14,14.15,17.86
9/2/2021,87.31,84.6,74.04,72.65,12.59,18.25
9/3/2021,83.75,78.69,72.67,71.05,11.55,14.41
9/4/2021,85.42,77.93,73.48,71.14,13.25,9.22
9/5/2021,78.38,77.96,60.63,59.49,18.91,11.59
9/6/2021,96.22,94.17,78.42,77.59,16.54,20.76
9/7/2021,84.63,77.81,74.72,72.09,11.2,12.58
9/8/2021,84.52,81.67,71.45,70.11,12.76,15.72
9/9/2021,87.59,82.21,72.88,71.66,15.31,9.62
9/10/2021,86.36,82.57,69.33,67.23,16.12,16.68
9/11/2021,85.07,81.41,69.07,67.1,16.14,12.71
9/12/2021,79.99,75.52,61.93,60.92,18.38,20.23
9/13/2021,86.3,80.42,73.05,70.46,11.76,18.87
9/14/2021,93.35,87.3,77.55,76.35,16.41,12.52
9/15/2021,90.66,84.29,74.16,71.78,17.84,14.37
9/16/2021,91.9,85.64,77.91,77.41,13.81,12.24
9/17/2021,81.37,77.17,70.26,71.19,12.47,7.9
9/18/2021,78.98,73.6,73.41,71.08,5.38,10.71
9/19/2021,83.3,80.5,66.27,65.48,17.88,15.99
9/20/2021,84.21,82.97,75.06,72.83,6.93,16.63
9/21/2021,89.4,83.77,78.91,78.37,12.91,15.74
9/22/2021,75.47,72.18,61.81,59.31,15.15,13.49
9/23/2021,91.59,88.01,78.46,77.37,12.84,19.67
9/24/2021,83.15,79.94,69.31,67.05,11.87,15.32
9/25/2021,81.81,77.87,70.1,68.49,12,18.52
9/26/2021,78.89,76.43,71.59,69.12,5.86,6.13
9/27/2021,75.69,72.87,66.15,65.65,9.98,4.61
9/28/2021,88.09,81.21,76.4,74.03,12.1,16.42
9/29/2021,84.34,81.87,70.4,69.55,13,7.88
9/30/2021,77.54,75.44,61.46,59.88,17.2,13.94
10/1/2021,77.52,72.12,65.27,63.85,13.06,13.49
10/2/2021,82.33,78.29,73.6,72.28,9.71,22.94
10/3/2021,92.37,89.12,73.93,71.69,18.45,17
10/4/2021,82.74,78.18,67.16,66.03,14.16,15.83
10/5/2021,76.54,74.85,65.43,65.66,12.08,19.18
10/6/2021,82.84,83.42,67.46,65.33,15.11,16.84
10/7/2021,82.72,77.01,67.93,67.75,13.4,12.71
10/8/2021,70.61,64.32,58.75,59.07,13.22,20.36
10/9/2021,83.85,80.26,67.17,65.01,18.77,9.45
10/10/2021,82.98,80.27,67.61,64.8,15.33,16.62
10/11/2021,87.64,82.79,76.6,75.37,13.19,7.26
10/12/2021,93.42,91.66,75.49,73.43,18.03,16.02
10/13/2021,89.83,82.66,71.56,72,17.89,15.96
10/14/2021,82.87,80.12,68.55,67.22,13.69,23.38
10/15/2021,78.71,73.56,69.1,66.91,11.25,7.18
10/16/2021,97.13,95.71,81.97,79.19,14.38,12
10/17/2021,84.59,84.34,70.51,70.18,14.82,19.11
10/18/2021,84.39,78.63,71.86,69.85,11.97,16.68
10/19/2021,84.22,78.91,66.35,65.07,17.41,15.9
10/20/2021,85.36,82.81,74.04,73.52,12.35,10.22
10/21/2021,83.68,78.72,72.28,70.35,11.02,12.05
10/22/2021,81.56,77.39,68.1,66.69,13.06,21.23
10/23/2021,81.72,77.69,72.48,71.02,10.37,14.74
10/24/2021,84.32,76.27,68.29,67.61,17.63,16.88
10/25/2021,81.8,77.68,72.92,72.05,9.53,14.42
10/26/2021,80.99,75.56,69.3,67.7,11.03,9.08
10/27/2021,85.12,79.87,71.34,69.98,13.27,19.67
10/28/2021,83.34,82.06,70.78,69,12.64,17.52
10/29/2021,92.17,85.05,78.03,74.99,14.47,26.53
10/30/2021,71.43,69.49,64.38,63.35,6.07,9.92
10/31/2021,90.18,85.12,73.43,73.85,17.48,19.11
11/1/2021,90.99,85.88,75.06,72.67,16.02,8.44
11/2/2021,74.43,72.29,66.38,64.28,6.34,15.79
11/3/2021,83.13,79.65,68.87,66.62,13.33,19.88
11/4/2021,83.02,80.01,73.27,72.53,9.25,4.64
11/5/2021,77.88,75.92,71.3,70.32,6.51,13.98
11/6/2021,81.07,76.35,67.7,66.19,15.26,12.18
11/7/2021,79.45,74.25,69.57,67.26,10.11,11.49
11/8/2021,93.8,86.94,76.27,74.84,16.69,16.93
11/9/2021,89.76,83.62,78.56,75.43,11.42,20.6
11/10/2021,91.49,92.81,78.36,76.94,12.77,14.33
11/11/2021,88.78,86.83,76.88,76.22,12.22,16.03
11/12/2021,79.57,72.89,65.7,63.13,14.45,15.57
11/13/2021,82.64,75.86,65.26,62.42,18.59,15.01
11/14/2021,87.76,84.33,76.1,76.16,11.63,9.55
11/15/2021,79.25,76.38,61.17,59.33,19.72,20.54
11/16/2021,88.97,85.62,74.67,74.31,15.21,16.48
11/17/2021,84.25,79.53,74.44,72.79,9.11,16.97
11/18/2021,83.63,79.19,71.66,70.06,14.18,10.97
11/19/2021,89.11,85.31,81.58,80.39,7.85,12.7
11/20/2021,87.82,83.6,77.72,75.29,9.26,14.12
11/21/2021,83.85,75.22,69.31,68.05,16.19,7.33
11/22/2021,91.5,86.46,77.86,75.92,15.72,6.56
11/23/2021,80.35,74.63,68.15,65.47,12.16,12
11/24/2021,88.89,84.79,70.81,69.73,17.58,17.61
11/25/2021,88.82,90.35,72.68,70.96,15.97,11.73
11/26/2021,84.36,80.88,70.03,68.47,15.05,9.91
11/27/2021,87.6,82.59,68.35,65.77,20.53,10.93
11/28/2021,79.76,77.62,67.94,68.17,12.39,12.72
11/29/2021,90.7,87.13,76.34,75.69,14.45,13.23
11/30/2021,85.21,81.79,67.41,67.02,19.3,25.83
12/1/2021,83.57,80.61,72.25,70.5,11.01,20.27
12/2/2021,91.49,91.03,79.91,76.58,12.61,20.12
12/3/2021,82.78,76.38,71.04,71.57,11.45,20.84
12/4/2021,79.31,76.29,66.44,65.05,13.3,10.01
12/5/2021,78.63,72.85,68.61,66.49,9.91,8.89
12/6/2021,89.5,86.14,78.12,76.97,11.33,9.47
12/7/2021,80.13,74.28,69.03,68.82,10.72,21.67
12/8/2021,95.36,89.76,78.58,76.99,18.12,12.26
12/9/2021,76.24,71.83,65.63,65.6,9.87,8.74
12/10/2021,95.19,92.38,84.5,83.89,9.95,12.85
12/11/2021,87.82,85.27,72.86,70.32,17.08,13.81
12/12/2021,86.34,79.53,79.68,77.42,7.64,16.34
12/13/2021,84.16,80.06,69.96,69.52,11.82,16.25
12/14/2021,88.94,83.07,75.7,71.47,12.68,10.86
12/15/2021,86.82,79.96,71.78,70.19,13.23,18.43
12/16/2021,92.58,87.52,79.36,76.35,12.27,11.8
12/17/2021,87.7,82.7,69.32,67.45,15.24,14.22
12/18/2021,87.94,88.4,73.11,71.35,14.69,18.43
12/19/2021,85.43,82.03,69.34,67.59,14.95,11.79
12/20/2021,87.03,79.92,74.38,72.34,12.71,12.15
12/21/2021,88.91,83.34,78.56,75.89,8.73,17.96
12/22/2021,78.88,76.98,68.99,69.9,9.98,10.71
12/23/2021,80.76,80.89,61.53,62.16,18.81,13.08
12/24/2021,91.27,83.54,83.71,80.87,9.07,17.78
12/25/2021,88.47,80.29,76.09,76.15,13.8,25.27
12/26/2021,86.76,86.17,71.42,69.59,16.13,18.03
12/27/2021,87.84,84.22,75.13,73.76,12.38,17.36
12/28/2021,89.55,83.33,76.64,75.05,14.89,17.65
12/29/2021,85.17,81.98,70.4,68.33,13.22,9.63
12/30/2021,84.04,74.57,72.03,71.57,10.61,15.58
12/31/2021,88.97,84.53,73.81,72.46,15.08,14.85
1/1/2022,83.17,79.66,69.48,67.61,15.94,16.61
1/2/2022,90.16,87.5,74.58,71.78,15.38,15.58
1/3/2022,79.67,73.66,63.42,61.26,16.07,16.9
1/4/2022,93.39,88.89,79.82,76.58,12.13,13.44
1/5/2022,90.67,84.29,78.83,77.26,12.79,15.29
1/6/2022,89.65,85.68,77.75,75,12.86,8.86
1/7/2022,93.35,86.89,81.8,79.9,12.33,13.4
1/8/2022,96.82,91.17,83.27,82.98,12.92,21.95
1/9/2022,93.63,86.96,77.99,77.63,14.94,16.59
1/10/2022,79.41,76.75,70.02,68.59,8.1,14.9
1/11/2022,82.28,79.89,65.87,64.46,16.5,24.48
1/12/2022,85.62,80.87,70.07,70.55,14.46,8.2
1/13/2022,88.93,84.56,72.7,71.77,15.06,9.45
1/14/2022,91.45,83.98,80.98,79.03,10.05,23.56
1/15/2022,85.3,80.43,75.33,72.4,9.48,15.23
1/16/2022,89.92,85.32,77.89,76.73,11.49,13.79
1/17/2022,85.27,86.25,75.7,75.01,10.04,9
1/18/2022,86.05,79.52,70.5,68.46,15.62,17.24
1/19/2022,82.13,80.96,70.86,69.73,10.99,17.72
1/20/2022,84.61,82.37,71.54,69.75,13.25,9.53
1/21/2022,82.53,78.96,72.69,71.05,8.85,14.3
1/22/2022,84.47,83.76,71.45,67.53,13.12,13.32
1/23/2022,94.67,90.68,79.32,77.51,15.51,16.28
1/24/2022,84.72,81.26,73.63,73.13,9.58,9.4
1/25/2022,102.68,97.44,89.91,87.48,13.77,21.26
1/26/2022,92.05,89.89,76.23,74.76,14.93,19.58
1/27/2022,90.56,88.23,76.79,74.5,13.86,13.18
1/28/2022,85.4,79.88,69.42,68.39,17.15,13.92
1/29/2022,93.25,85.95,71.77,70.12,22.41,14.32
1/30/2022,86.93,82.18,74.49,72.06,12.47,11.11
1/31/2022,90.47,84.35,78.73,78.49,11.38,12.78
2/1/2022,102.72,97.45,88.1,87.26,15.57,13.65
2/2/2022,89.49,87.49,70.22,68.21,19.95,23.06
2/3/2022,95.77,90.07,80.35,79.24,14.8,19.73
2/4/2022,86.56,82.15,66.92,66.12,18.84,19.67
2/5/2022,89.96,85.58,80.57,79.6,7.31,16.85
2/6/2022,99.04,95.78,80.93,77.61,18.27,9.41
2/7/2022,87.1,78.25,77.8,77.25,9.22,14.79
2/8/2022,99.35,93.17,87.29,84.97,13.2,19.85
2/9/2022,93.88,89.61,77.1,75.2,17.14,8.71
2/10/2022,87.58,85.6,71.04,72.26,17.87,18.18
2/11/2022,93.6,87.94,80.61,79.3,12.29,26.61
2/12/2022,95.35,86.83,78.52,76.56,17.97,20.31
2/13/2022,93.65,90.2,79.91,76.1,13.21,22.07
2/14/2022,82.74,77.33,68.88,68.89,14.64,16.09
2/15/2022,87,80.27,68.61,65.89,16.93,19.84
2/16/2022,89.44,83.72,69.34,66.95,20.34,11.41
2/17/2022,90.36,85.47,77.48,75.6,10.89,18.98
2/18/2022,93.88,87.97,78.11,77.96,15.5,18.27
2/19/2022,91.71,82.71,76.29,75.54,15.86,16.45
2/20/2022,84.19,81.77,73.65,72.01,10.02,21.58
2/21/2022,92.81,90.72,82.41,81.07,9.35,12.31
2/22/2022,94,90.6,79.08,76.9,15.76,14.06
2/23/2022,93.79,86.83,78.7,77.27,14.99,15.48
2/24/2022,96.44,91.21,83.47,81.88,12.48,9.85
2/25/2022,95.24,90.47,76.89,76.32,18.4,16.13
2/26/2022,93.41,89.94,80.07,79.43,15.98,6.41
2/27/2022,90.8,87.6,78.84,77.75,13.12,20.23
2/28/2022,82.89,77.27,72.49,70.68,11.55,15.23
3/1/2022,93.38,88.87,73.56,72.83,20.25,12.4
3/2/2022,92.3,88.6,76.17,74.56,16.3,10.83
3/3/2022,92.66,90.94,76.13,73.52,14.14,13.83
3/4/2022,84.95,82.12,72.51,70.66,11.76,18.44
3/5/2022,85.97,83.25,74.51,73.11,10.97,17.74
3/6/2022,96.67,92.01,86.66,85.84,8.14,11.47
3/7/2022,91.24,89.5,76.07,74.37,14.01,10.77
3/8/2022,94.88,90.95,79.15,76.36,13.74,18.28
3/9/2022,91.64,85.34,81.35,79.78,10.26,11.39
3/10/2022,91.68,89.91,78.82,77.36,13.68,15.3
3/11/2022,96.26,92.84,85.62,84.09,11.74,15.62
3/12/2022,89.01,83.68,76.53,75.92,12.9,16.56
3/13/2022,92.1,86.54,74.82,74.34,16.32,19.29
3/14/2022,89.34,85.46,71.94,69.9,15.47,8.69
3/15/2022,89.5,85.95,71.42,69.38,16.32,5.44
3/16/2022,90.15,86.04,78.62,76.01,10.27,12.16
3/17/2022,92.84,88.82,82.48,81.53,9.47,24.01
3/18/2022,89.36,88.29,81.5,81.32,7.7,25.11
3/19/2022,98.05,95.29,85.87,83.84,11.16,24.16
3/20/2022,87.32,83.34,77.71,75.92,9.95,14.04
3/21/2022,90.88,88.22,75.51,75.47,15.14,6.09
3/22/2022,89.64,83.09,72.72,71.77,16.93,3.28
3/23/2022,99.09,94.93,86.78,85.48,13.45,11.93
3/24/2022,92.86,91.83,80.18,77.39,11.5,14.01
3/25/2022,97.05,91.76,82.82,81.84,14.65,21.5
3/26/2022,84.48,78.56,72.97,70.58,11.5,19.34
3/27/2022,93.26,87.29,80.24,77.5,12.69,16.14
3/28/2022,96.39,89.39,85.78,83.72,11.49,10.55
3/29/2022,92.37,86.18,82.4,80.16,10.85,10.2
3/30/2022,97.3,91.69,84.33,82.43,12.02,16.27
3/31/2022,89.39,82.11,78.52,75.51,10.69,18.49
4/1/2022,99.04,94.12,85.73,84.97,13.59,16.96
4/2/2022,103.5,100.13,86.59,85.99,16.64,9.83
4/3/2022,90.2,83.87,78.94,75.41,11.85,18.25
4/4/2022,89.79,88.34,72.14,71.68,17.93,17.13
4/5/2022,99.3,95.35,87.56,85,13.57,9.65
4/6/2022,99.93,97,81.36,80.59,17.04,11.08
4/7/2022,89.43,83.64,76.87,75.27,12.43,18.44
4/8/2022,89.95,87.16,73.92,72.47,15.12,13.83
4/9/2022,90.64,83.93,78.71,76.95,12.54,22.95
4/10/2022,85.33,82.85,72.43,72.2,11.28,17.51
4/11/2022,87.47,83.44,69.56,66.93,18.25,12.57
4/12/2022,87.04,83.8,75.25,74.35,11.16,14.95
4/13/2022,88.22,81.46,73.26,72.89,14.23,15.32
4/14/2022,91.89,85.5,80.75,79.85,9.69,11.36
4/15/2022,93.23,89.77,79.25,79.99,13.52,10.44
4/16/2022,99.81,92.93,86.03,83.78,14.87,18.51
4/17/2022,87.07,83.64,71.13,70.67,15.91,19.23
4/18/2022,96.98,89.39,80.66,78.94,16.94,18.02
4/19/2022,90.98,88.13,75.96,75.67,16.69,22.58
4/20/2022,91.8,84.74,80.6,78.98,11.46,12.29
4/21/2022,95.41,91.75,86.13,84.02,8.72,23.37
4/22/2022,86.42,83.35,71.04,70.93,15.85,10.5
4/23/2022,93.94,87.85,83.08,80.92,10.32,9.94
4/24/2022,92.85,89.37,72.41,69.55,19.93,6.2
4/25/2022,94.47,90.27,76.72,74.67,16.23,12.77
4/26/2022,93.44,87.69,76.55,75.64,17.82,12.48
4/27/2022,104.26,97.03,84.57,84.27,19.31,17.63
4/28/2022,88.79,80.42,70.72,69.41,18.25,16.22
4/29/2022,89.31,85.54,77.15,76.93,11.12,9.04
4/30/2022,88.83,81.26,74.87,72.01,14.4,13.04
5/1/2022,89.16,84.89,76.92,74.94,11.47,13.14
5/2/2022,88.73,83.77,77.5,75.66,11.1,6.12
5/3/2022,97.85,94.32,83.97,82.18,14.76,10.1
5/4/2022,98.99,93.44,86.12,84.48,13.67,11.15
5/5/2022,89.02,83.91,75.46,74.64,13.54,22.17
5/6/2022,87.69,84.77,70.98,69.11,14.95,15.96
5/7/2022,94.19,90.15,83.24,81.71,13.95,18.31
5/8/2022,89.06,85.24,73.93,72.41,16.87,7.51
5/9/2022,94.96,91.15,77.91,75.43,17.77,20.97
5/10/2022,92.79,85.08,78.34,76.66,13.7,21.51
5/11/2022,84.18,81.48,68.81,67.29,15.25,5.01
5/12/2022,99.47,95.72,83.3,81.47,15.63,11.47
5/13/2022,100.69,93.62,86.62,84.92,15.34,17.48
5/14/2022,88.62,83.7,76.37,74.92,12.51,18.22
5/15/2022,89.72,85.16,73.57,71.67,15.37,11.61
5/16/2022,93.07,88.15,77.64,77.36,14.95,13.47
5/17/2022,93.29,89.29,82.52,79.7,11.89,12.01
5/18/2022,94.88,93,82.14,79.77,14.34,15.55
5/19/2022,101.61,98.69,92.59,93.52,10.54,20.99
5/20/2022,90.65,83.49,80.59,77.94,10.81,11.14
5/21/2022,87.51,84.38,77.82,74.91,9.44,20
5/22/2022,84.58,83.01,67.73,67.11,13.61,11.09
5/23/2022,87.79,84.18,76.92,73.3,11.17,10.76
5/24/2022,91.25,88.87,77.41,75.62,13.85,19.09
5/25/2022,100.36,99.37,83.65,84.13,16.85,19.61
5/26/2022,88.77,86.38,75.96,72.89,12.87,19.26
5/27/2022,92.45,88.32,81.41,77.8,9.7,8.42
5/28/2022,91.21,88.74,79.03,75.95,12.74,12.67
5/29/2022,97.21,92.63,79.99,79.29,17.85,19.11
5/30/2022,103.87,98.72,90.51,89.83,14.03,15.21
5/31/2022,88.54,83.41,73.35,71.37,16.14,9.63
6/1/2022,88.72,87.41,76.06,75.22,13.26,17.29
6/2/2022,96.35,89.9,80.99,80.76,14.95,11.43
6/3/2022,94.51,92.84,79.67,79.87,14.76,23.97
6/4/2022,100.29,96.28,87.55,85.55,12.84,22.72
6/5/2022,93.95,86.45,76.73,72.9,17.32,18.02
6/6/2022,89.19,85.47,81.65,79.2,8.54,21.81
6/7/2022,93.91,85.01,74.36,72.44,20.19,15.32
6/8/2022,96.46,92.89,80.2,78.34,18.34,18.83
6/9/2022,94.98,92,81.85,80.02,15.34,22.39
6/10/2022,93.38,87.53,81.13,80.62,12.33,16.23
6/11/2022,96.14,91.58,81.42,81.06,10.89,13.72
6/12/2022,96.62,95.69,81.95,80.14,15.9,6.48
6/13/2022,97.64,91.75,84.23,83.64,12.87,14.58
6/14/2022,93.94,87.12,79.15,77.93,13.98,19.12
6/15/2022,89.82,88.29,80.53,78.98,8.89,19.73
6/16/2022,91.35,90.71,80.16,79.47,10.74,17.52
6/17/2022,96.61,91.79,84.74,83.11,12.49,12.29
6/18/2022,86.45,84.15,70.59,71.23,14.31,5.12
6/19/2022,92.34,90.41,78.25,75.25,13.01,12.52
6/20/2022,88.49,82.58,74.32,72.32,14.52,13.48
6/21/2022,90.56,85.06,73.96,72.36,17.22,13.44
6/22/2022,96.77,94.39,83.34,82.11,14.08,18.09
6/23/2022,91.29,90.1,75.99,75.74,14.52,24.93
6/24/2022,90.53,87.13,78.92,77.31,10.64,15.62
6/25/2022,83.46,77.53,67.73,64.95,15.22,13.92
6/26/2022,93.95,93.23,85.01,84.16,9.18,13.7
6/27/2022,93.4,87.67,76.71,75.93,18.19,15.62
6/28/2022,100.95,95.24,86.47,82.8,12.44,10.86
6/29/2022,88.56,84.81,77.65,76.09,10.69,15.6
6/30/2022,91.15,89.7,75.77,72.66,14.05,17.25
7/1/2022,91.26,88.41,80.13,77.86,9.48,16.05
7/2/2022,97.86,93.8,79.49,77,19.33,17.29
7/3/2022,89.46,85.91,80.39,79.6,9.61,17.17
7/4/2022,91.29,86.81,77.64,76.2,14.1,6.14
7/5/2022,92.89,89.36,77.17,74.34,16.64,18.18
7/6/2022,90.74,81.15,76.24,75.59,14.03,11.64
7/7/2022,87.54,82.57,76.83,73.86,10.27,9.52
7/8/2022,90.7,86.65,75.34,74.17,17.54,9.48
7/9/2022,95.06,88,78.55,76.17,16.26,17.17
7/10/2022,84.52,81.06,71.18,69.39,14.08,13.89
7/11/2022,90.28,85.35,73.2,72.24,17.08,6.59
7/12/2022,86.07,85.28,78.62,77.57,5.6,17.39
7/13/2022,95.51,93.88,79.48,79.23,13.98,7.8
7/14/2022,81.87,76.85,72.09,70.56,9.21,15.7
7/15/2022,86.66,82.02,74.29,73.11,13.43,16.19
7/16/2022,91.3,86.59,74.65,72.72,17.44,19.43
7/17/2022,97.2,91.44,82.6,81.13,15.51,23.91
7/18/2022,89.01,84.95,78.01,76.89,10.01,8.18
7/19/2022,86.52,80.68,72.98,71.42,15.16,14.74
7/20/2022,98.66,91.47,87.44,83.89,10.26,13.62
7/21/2022,81.98,79.13,72.75,71.62,9.45,17.17
7/22/2022,78.19,75.54,69.22,68.2,8.96,16.08
7/23/2022,91.34,85.17,76.26,74.06,14.91,13.24
7/24/2022,86.6,84.06,70.37,67.68,17.57,12.8
7/25/2022,83.96,78.5,69.53,69.61,13.73,9.42
7/26/2022,92.58,88.45,79.28,78.18,11.95,19.94
7/27/2022,90.22,87.35,78.32,76.53,11.92,17.3
7/28/2022,86.14,81.77,66.71,64.24,19.04,19.59
7/29/2022,82.53,79.31,70.12,67.9,15.78,13.45
7/30/2022,93.26,87.56,79.74,79.45,14.19,11.72
7/31/2022,92.11,87.11,77.46,76.05,14.24,9.61
8/1/2022,88.33,83.5,78.95,76.82,8.32,16.79
8/2/2022,98.02,91.63,84.59,83.4,11.56,9.8
8/3/2022,83.41,78.88,74.83,72.52,7.56,24.24
8/4/2022,81.1,73.95,68.29,68.42,12.93,8.46
8/5/2022,85.23,79.99,75.26,75.11,11.4,16.37
8/6/2022,88.43,83.44,80.07,78.01,9.48,22.83
8/7/2022,89.85,84.84,80.31,78.07,9.77,18
8/8/2022,87.39,82.54,71.01,66.97,16.06,15.88
8/9/2022,90.33,85.69,76.02,73.02,14.58,10.16
8/10/2022,82.28,79.13,68.91,66.19,12.86,8.09
8/11/2022,95.73,92.69,82.84,81.32,14.61,18.85
8/12/2022,88.07,82.37,76.92,75.06,10.96,22.53
8/13/2022,94.04,86.93,77.42,74.53,16.54,12.81
8/14/2022,90.14,83.55,76.82,75.01,11.1,9.3
8/15/2022,90.69,85.18,71.02,70.11,19.47,2.71
8/16/2022,91.22,85.96,81.87,80.76,10.19,10.1
8/17/2022,90.59,84.52,75.46,72.05,14.06,14.43
8/18/2022,91.54,84.37,77.98,76.29,12.81,23
8/19/2022,94.95,89.29,79.78,76.8,15.96,18.37
8/20/2022,89.26,85.16,79.31,78.63,8.47,16.53
8/21/2022,91.8,88.4,69.52,68.91,23.34,13
8/22/2022,87.79,82.28,74.57,72.18,12.69,12.08
8/23/2022,95.41,89.82,80.78,78.4,14.24,22.03
8/24/2022,84.81,78.72,70.73,68.85,12.96,16
8/25/2022,97.18,92.26,87.78,83.77,9.78,4.49
8/26/2022,87.95,81.86,72.1,70.99,18.31,11.63
8/27/2022,80.98,78.08,71.15,69.45,10.61,10.71
8/28/2022,88.76,80.75,76.51,75.95,11.38,12.27
8/29/2022,84.69,79.74,75.77,73.16,10.06,17.81
8/30/2022,92.29,88.27,76.44,74.29,15.53,14.46
8/31/2022,84.8,80.93,69.89,66.98,16.29,14.62
9/1/2022,85.82,86.92,76.24,73.71,10.39,21.57
9/2/2022,78.59,75.36,68.08,65.54,7.57,11.52
9/3/2022,85.76,79.47,68.26,67.9,16.5,24.32
9/4/2022,75.89,71.91,62.89,60.94,13.95,11.64
9/5/2022,80.08,72.53,69.23,67.97,11,15.45
9/6/2022,91.79,87.04,80.54,78.55,10.23,13.59
9/7/2022,91.91,85.65,76.09,73.29,15.19,15.62
9/8/2022,90.1,87.43,67.84,66.32,20.35,17.22
9/9/2022,83.13,77.87,72.23,71.38,10.81,17.17
9/10/2022,87.72,83.1,70.9,68.27,19.03,11.23
9/11/2022,87.93,82.26,68.69,68.12,20.05,9.39
9/12/2022,82.15,81.52,61.33,59.26,23.01,27.52
9/13/2022,95.46,90.04,83.58,81.42,12.76,12.58
9/14/2022,92.32,91.37,78.86,77.81,14.49,18.5
9/15/2022,86.83,84.11,73.13,71,15.67,6.96
9/16/2022,88.06,84.62,79.02,77.48,9.42,13.6
9/17/2022,88.97,85.26,77.54,75.67,11.25,14.36
9/18/2022,77.72,74.62,70.91,69.62,7.84,17.36
9/19/2022,86.69,78.5,69.51,65.74,18.64,1.39
9/20/2022,84.52,79.73,71.74,68.47,12.3,15.83
9/21/2022,82.92,80.47,65.63,64.94,16.57,9.25
9/22/2022,86.53,82.1,72.86,72.44,13.81,16.62
9/23/2022,96.92,89.27,81.64,79.1,16.12,9.82
9/24/2022,91.14,86.48,79.35,77.52,12.59,10.72
9/25/2022,85.09,84.24,72.46,71.31,11.2,13.63
9/26/2022,90.81,88.77,79.06,78.17,13.66,9.74
9/27/2022,94.96,90.08,82.82,79.14,11.49,12.62
9/28/2022,92.59,89.86,85.17,82.58,7.16,9.03
9/29/2022,88.27,83.13,74.09,72.27,13.28,5.83
9/30/2022,84.75,77.11,69.22,68.53,18.23,20.09
10/1/2022,91.49,85.06,78.5,79.43,13.23,8.52
10/2/2022,89.98,88.6,74.07,72.36,15.05,14.11
10/3/2022,92.5,87.32,83.07,80,10.29,18.76
10/4/2022,91.21,86.16,76.68,75.55,15.3,11.93
10/5/2022,93.3,88.03,77.61,77.37,15.5,10.87
10/6/2022,85.39,84.93,71.17,69.85,15.06,16.13
10/7/2022,94.67,93.19,82.62,80.06,11.22,20.59
10/8/2022,89.08,89.07,75.25,74.7,13.34,9.15
10/9/2022,98.49,93.25,81.79,80.82,14.69,14.25
10/10/2022,84.69,81.04,76.98,74.41,6.38,6.34
10/11/2022,96.83,88.96,79.74,78.53,18.9,13.03
10/12/2022,89.16,87.66,75.9,75.37,14.91,15.17
10/13/2022,84.94,78.36,74.15,73.85,10.85,10.73
10/14/2022,85.8,81.94,68.03,66.61,19.43,12.72
10/15/2022,86.64,80.11,75.08,73.22,11.39,7.96
10/16/2022,90.38,84.69,73.66,73.42,16.48,15.39
10/17/2022,90.9,84.68,79.74,76.93,11.22,20.28
10/18/2022,85.45,79.96,69.74,68.78,15.58,9.51
10/19/2022,88.22,82.73,77.06,74.15,10.94,11.89
10/20/2022,99.08,93.03,87.53,86.85,12.69,17.51
10/21/2022,97.03,93.85,85.06,83.1,12.12,21.06
10/22/2022,90.61,83.87,77.77,77.48,13.55,7.53
10/23/2022,88.65,84.65,74.65,73.65,15.02,14.16
10/24/2022,89.09,87.07,73.99,71.29,15.48,16.42
10/25/2022,91.58,85.98,82.26,82.04,8.35,14.49
10/26/2022,83.44,77.83,68.82,69,13.26,2.62
10/27/2022,87.3,82.47,71.09,70.55,16.35,17.51
10/28/2022,80.27,78.62,70.23,68.06,9.87,22.6
10/29/2022,90.65,86.5,74.66,72.86,16.07,15.58
10/30/2022,91.92,86.26,75.28,73.92,16.62,9.84
10/31/2022,86.31,82.96,69.03,66.95,19.86,12.43
11/1/2022,96.63,89.59,80.69,80.77,14.61,23.85
11/2/2022,82.67,79.9,70.02,68.76,10.66,19.55
11/3/2022,81.51,78.26,70.02,65.91,11.83,18.2
11/4/2022,90,84.88,79.35,78.1,10.27,16.78
11/5/2022,94.15,87.77,81.61,79.63,12.86,11.69
11/6/2022,97.38,90.73,82.2,80.48,15.76,14
11/7/2022,86.7,83.44,73.1,71.27,14.88,14.61
11/8/2022,94.43,92.17,81.8,80.97,11.13,17.75
11/9/2022,88.89,83.17,79.37,78.91,8.96,22.54
11/10/2022,88.26,84.77,75.4,74.18,13.29,20.59
11/11/2022,93.59,84.74,78.14,76.24,16.22,7.9
11/12/2022,92.48,86.68,75.63,74.07,19.04,16.12
11/13/2022,81.38,77.25,64.84,63.56,17.5,18.68
11/14/2022,96.69,90.04,84.19,81.7,12.45,18.09
11/15/2022,96.26,89.57,83.55,82.46,11.81,11.85
11/16/2022,86.27,80.63,75.07,74.02,10.64,29.57
11/17/2022,91.43,87.44,77.33,77.32,13.51,8.61
11/18/2022,91.97,87,82.39,82,10.23,9.58
11/19/2022,90.85,81.83,75.77,73.57,15.34,16.17
11/20/2022,86.85,78.26,76.69,75.97,8.84,25.58
11/21/2022,86.29,80.76,73.23,70.82,12.62,10.82
11/22/2022,89.57,86.01,74.31,73.52,16.14,13.67
11/23/2022,95.62,85.34,83.05,80.87,12.92,20.39
11/24/2022,92.52,86.9,79.87,77.25,13.22,14.91
11/25/2022,88,82.55,75.87,74.64,12.51,13.33
11/26/2022,93.77,91.86,79.95,75.67,15.45,17.83
11/27/2022,75.72,71.16,64.25,61.21,11.71,16.36
11/28/2022,95.76,91.74,88.56,86.61,6.81,20.15
11/29/2022,81.37,77.59,72.72,71.35,7.74,21.46
11/30/2022,88.32,79.64,77.24,75.32,11.33,16.54
12/1/2022,84.59,81.89,72.23,69.21,9.91,16.46
12/2/2022,83.77,80.01,74.22,71.92,9.36,16.07
12/3/2022,96.1,92.31,83.24,81.97,12.66,17.45
12/4/2022,88.01,91.47,74.89,73.97,11.76,15.28
12/5/2022,92.14,83.37,77.41,75.85,13.8,15
12/6/2022,90.23,89.17,76.46,76.08,14.59,20.98
12/7/2022,92.91,87.69,69.46,68.47,23.68,22.58
12/8/2022,90.97,86.99,77.96,75.65,13.12,7.46
12/9/2022,84.23,79.93,70.13,68.45,14.41,15.05
12/10/2022,95.68,90.05,86.11,82.98,9.67,11.56
12/11/2022,88.29,82.74,75.11,73.5,14.43,13.45
12/12/2022,83.04,79.55,67.02,66.79,16.15,17.01
12/13/2022,88.74,81.27,75.28,74.46,12,18.35
12/14/2022,98.45,95.02,80.54,80.33,19.54,14.44
12/15/2022,95.25,89.66,82.39,80.44,13.24,5.43
12/16/2022,89.32,82.59,76.79,76.6,11.94,10.17
12/17/2022,89.38,84.01,78.84,77.07,9.28,19.48
12/18/2022,89.58,87.61,73.77,73.76,16.21,1.3
12/19/2022,101.63,95.48,86.49,84.74,15.03,20.94
12/20/2022,93.22,89.27,75.14,74.34,19.65,17.61
12/21/2022,93.52,87.38,81.6,81.44,11.58,21.58
12/22/2022,96.58,93.27,83.65,81.79,12.09,14.01
12/23/2022,92.69,89.42,80.27,78.89,13.31,4.69
12/24/2022,90.26,89.45,76.73,76.48,14.46,17.15
12/25/2022,90.64,85.75,78.29,76.59,12.52,21.37
12/26/2022,91.32,88.09,82.44,79.47,9.56,19.62
12/27/2022,91.56,87.18,76.97,77.57,14.55,11.69
12/28/2022,95.44,93.26,81.54,79.44,14.13,15.43
12/29/2022,92.13,86.08,75.05,73.71,18.24,12.34
12/30/2022,95.59,92.3,78.65,78.23,17.57,10.9
12/31/2022,91.59,86.62,78.14,75.97,13.28,19.78
1/1/2023,92.45,87.7,81.89,79.25,11.91,9.01
1/2/2023,82.13,78.2,69.04,67.91,10.72,10.53
1/3/2023,96.76,92.43,81.54,78.12,17.27,9.48
1/4/2023,93.98,89.04,78.66,76.8,13.61,7.55
1/5/2023,97.3,92.86,81.1,79.72,15.57,15.73
1/6/2023,77.89,77.15,67.09,65.48,10.76,20.81
1/7/2023,102.87,99.7,82.95,79.75,19.78,14.08
1/8/2023,91.79,88.94,81.87,81.83,10.93,7.47
1/9/2023,98.1,92.28,81.39,79.86,15.65,19.2
1/10/2023,87.42,81.27,76.47,76.37,11.21,23.43
1/11/2023,95.74,92.87,77.57,75.76,17.59,11.77
1/12/2023,87.47,84.85,76.36,73.95,11.41,12.61
1/13/2023,89.68,88.14,78.25,76.95,11.37,17.58
1/14/2023,102.43,96.1,88.22,86.24,14.31,23.11
1/15/2023,91.97,86.91,75.19,72.51,16.23,12.4
1/16/2023,94.07,86.09,80.71,80.57,12.85,8.34
1/17/2023,97.4,91.74,79.24,77.03,18.45,18.16
1/18/2023,95.58,92.8,80.49,77.04,16.04,19
1/19/2023,93.92,88.29,82.92,82.59,10.4,15.03
1/20/2023,95.05,91.58,83.18,81.01,11,12.21
1/21/2023,105.3,99.66,89.55,87.15,16.36,19.97
1/22/2023,93.06,89.05,76.17,72.88,16.85,17.64
1/23/2023,94.41,87.39,82.18,82.28,13.05,11.16
1/24/2023,98.71,93.95,83.97,81,13.84,15.25
1/25/2023,99.05,88.11,77.23,75.74,20.04,8.24
1/26/2023,99.51,94.16,86.93,86.11,12.05,18.43
1/27/2023,96.83,88.73,82.23,81.01,13.83,13.69
1/28/2023,87.98,85.99,78.39,76.76,9.51,12.82
1/29/2023,101.91,98.37,83.34,79.97,17.94,14.84
1/30/2023,88.07,84.6,65.33,63.21,23.48,15.2
1/31/2023,95.37,93.65,81.9,80.45,13.18,19.47
2/1/2023,90.14,83.74,77.5,75.16,12.8,17.96
2/2/2023,93.65,92.46,74.53,73.24,19.28,14.22
2/3/2023,95.67,92.75,78.38,77.5,17.48,18.82
2/4/2023,95.68,90.43,89.6,88.77,6.06,17
2/5/2023,96.24,93.7,80.89,78.04,15.86,12.87
2/6/2023,102.25,94.93,89.11,89.52,12.35,14.38
2/7/2023,96.5,90.03,80.08,79.24,17.83,14.26
2/8/2023,93.07,87.2,72.84,71.38,19.99,17.53
2/9/2023,99.16,93.14,83.77,83.19,14.07,13.16
2/10/2023,100.34,93.21,84.49,85.16,16.04,13.05
2/11/2023,88.3,86.33,73.86,70.94,13.59,24.84
2/12/2023,97.47,92.08,82.51,80.63,15.63,19.7
2/13/2023,98.04,93.85,84.13,80.07,16.12,11.2
2/14/2023,93.1,87.3,78.68,77.3,13.63,17.85
2/15/2023,101.51,92.79,82.49,81.21,19.35,15.59
2/16/2023,93.93,89.77,81.3,79.63,10.88,16.96
2/17/2023,95.35,86.76,75.2,73.04,20.61,15.69
2/18/2023,93.91,89.07,73.67,70.15,19.35,20.95
2/19/2023,94.89,87.41,82.88,81.59,11.39,16.73
2/20/2023,89.38,88.88,77.49,77.4,10.78,14.69
2/21/2023,87.7,85.14,74.38,72.3,14.06,20.21
2/22/2023,102.92,97.98,83.3,82.07,20.63,16.17
2/23/2023,90.75,88.74,75.02,71.95,15.76,15.61
2/24/2023,90.07,83.88,75.77,74.72,13.43,16.57
2/25/2023,84.3,81.18,66.87,65.14,19.02,14.53
2/26/2023,91.92,87.72,75.91,73.63,15.25,15.05
2/27/2023,88.54,84.64,77.21,74.91,9.16,12.07
2/28/2023,103.4,100.77,92.17,89.93,11.69,11.24
3/1/2023,100.28,96.73,83.98,82.68,15.19,10.01
3/2/2023,91.82,87.81,80.32,77.4,12.49,8.04
3/3/2023,106.56,97.92,84.84,82.74,21.35,10.6
3/4/2023,100.24,93.31,87.19,85.4,13.66,14.13
3/5/2023,93.75,88.81,77.27,74.63,17.88,15.52
3/6/2023,82.91,78.95,71.39,71.76,10.31,13.64
3/7/2023,106.89,99.29,90.12,87.46,16.21,3.22
3/8/2023,88.52,88.92,79.2,76.95,9.24,22.87
3/9/2023,87.27,85.94,71.56,69.15,17.25,20.43
3/10/2023,100.64,96.82,87.43,87.48,12.56,17.23
3/11/2023,107.76,102.52,90.76,89.5,16.41,24.54
3/12/2023,102.51,96.96,86.66,83.99,16.33,10.11
3/13/2023,98.44,91.61,83.12,82.56,14.74,24.44
3/14/2023,98.62,93.84,81.29,79.86,17.48,10.17
3/15/2023,99.94,95.46,84.91,83.47,13.48,16.19
3/16/2023,99.49,92.03,84.38,82.35,17.33,8.63
3/17/2023,97.13,92.94,83.28,80.87,12.5,15.07
3/18/2023,96.27,91.14,82.08,80.78,13.86,16.93
3/19/2023,95.46,86.87,83.53,81.32,11.89,14.23
3/20/2023,92.02,85.7,80.99,81.19,12.95,18.57
3/21/2023,94.41,88.86,77.1,74.29,15.99,15.5
3/22/2023,87.37,86.78,76.87,76.87,12.48,12.39
3/23/2023,95.36,91.71,77.5,75.84,18.62,12.17
3/24/2023,90.93,83.71,79.05,77.77,12.29,19.05
3/25/2023,90.37,86.83,78.68,77.94,10.71,11.73
3/26/2023,96.81,88.87,76.55,74.39,20.83,19.58
3/27/2023,102.88,99.9,87.73,86.84,14.43,21.11
3/28/2023,100.53,94.56,84.04,79.66,17.75,6.66
3/29/2023,88.1,83.51,72.61,70.44,14.52,20.66
3/30/2023,91.02,89.12,81.42,78.87,9.49,25.3
3/31/2023,100.68,93.07,83.62,80.69,16.51,16.26
4/1/2023,91.08,83.73,75,73.28,15.09,18
4/2/2023,94.88,88.97,80.87,79.64,14.75,20.19
4/3/2023,98.76,95.9,86,84.99,13.29,13.62
4/4/2023,91.18,83.58,77.08,75.78,15.31,15.91
4/5/2023,96.55,86.06,85.57,83.19,9.2,8.43
4/6/2023,89.36,83.99,77.55,76.37,12.88,15.69
4/7/2023,93.03,89.49,72.54,71.22,23,17.49
4/8/2023,97.65,95.16,81.41,80.72,15.78,17.58
4/9/2023,88.09,82.76,73.19,72.5,16.79,20.33
4/10/2023,98.26,92.52,84.96,83.29,13.04,11.13
4/11/2023,95.96,93.47,73.69,71.32,20.9,12.34
4/12/2023,98.82,90.14,91.65,89.16,6.87,24.48
4/13/2023,97.18,91.54,84.2,81.96,14.03,14.25
4/14/2023,102.88,98.12,87.9,85.82,14.15,16
4/15/2023,96.69,92.75,85.73,84.28,10.36,14.66
4/16/2023,93.91,88.2,86.86,85.83,7.65,10.89
4/17/2023,96.67,91.9,84.78,83.03,11.89,23.12
4/18/2023,98.77,88.85,86.8,85.08,12.55,12.36
4/19/2023,96.29,90.16,82.24,80.74,14.29,9.36
4/20/2023,96.25,92.34,81.38,79.24,15.34,12.75
4/21/2023,92.53,85.94,77.22,74.75,14.87,4.99
4/22/2023,92.72,88.2,76.33,73.05,16.62,11.74
4/23/2023,89.01,85.45,73.6,71.43,14.49,10.16
4/24/2023,104.76,98.84,85,83.77,21.05,18.09
4/25/2023,89.79,85.64,76.09,73.87,13.06,11.63
4/26/2023,92.53,85.98,73.6,71.89,20.06,19.44
4/27/2023,92.39,87.36,79.11,77.99,13.05,21.99
4/28/2023,100.45,96.65,85.27,84.09,15.38,18.91
4/29/2023,94.49,90.08,80.75,78.06,13.24,13.92
4/30/2023,102.19,95.9,85.29,84.58,15.88,15.71
5/1/2023,92.57,88.39,87.91,87.28,2.91,7.38
5/2/2023,97.31,93.88,86.8,83.93,9.46,14.33
5/3/2023,91.73,83.04,74.23,71.93,17.17,10.7
5/4/2023,106.61,103.6,91.32,90.68,15.51,18.47
5/5/2023,89.93,84.76,74.62,72.98,16.32,27.86
5/6/2023,97.4,93.38,79.75,75.93,17.21,17.5
5/7/2023,99,96.45,80.13,77.13,17.99,5.04
5/8/2023,97.88,90.25,84.5,82.56,11.94,13.19
5/9/2023,94.87,88.71,78.59,75.86,16.75,15.61
5/10/2023,95.13,89.79,83.76,81.67,12.75,15.44
5/11/2023,95.97,89.61,84.56,82.9,12.68,11.35
5/12/2023,95,93.72,84.87,84.63,10.84,16.23
5/13/2023,100.53,93.79,82.89,80.94,18.27,8.79
5/14/2023,106.74,100.29,92.15,91.38,16.28,10.28
5/15/2023,92.87,88.64,80.84,80.65,12.37,18.23
5/16/2023,88.79,81.94,74.05,74,15.39,9.92
5/17/2023,95.17,89.62,78.58,77.29,16.27,17.69
5/18/2023,108.48,103.69,97.04,93.14,10.08,8.15
5/19/2023,91.54,86.3,78.49,77.38,12.36,23.82
5/20/2023,103.73,98.35,90.08,89.32,13.64,11.13
5/21/2023,103.89,97.64,85.84,84.04,18.11,13.88
5/22/2023,92.71,85.04,75.14,75.38,19.49,16.65
5/23/2023,98.29,94.02,81.84,81.06,16.53,12.17
5/24/2023,103.56,101.89,87.65,86.47,17.08,15.72
5/25/2023,93.49,88.85,76.27,75.84,16.78,17.88
5/26/2023,94.34,90.07,80.16,78.89,13.87,19.8
5/27/2023,92.42,89.18,73.49,69.53,17.6,18.96
5/28/2023,90.22,83.17,73.33,71.36,16.15,14.14
5/29/2023,92.01,90.82,80.23,79.82,12.32,14.27
5/30/2023,89.11,85.06,77.55,75.2,11.56,26.75
5/31/2023,95.37,93.86,79.89,78.06,16.42,19.75
6/1/2023,91.31,85.28,74.56,72.03,16.93,10.39
6/2/2023,96.3,95.12,78.77,78.98,17.17,15.5
6/3/2023,87.31,84.5,73.1,73.32,16.37,13.32
6/4/2023,96.71,92.98,84.14,81.57,12.48,14.32
6/5/2023,99.19,94.7,87.1,85.5,13.26,8.85
6/6/2023,85.02,80.27,70.78,68.68,13.84,12.94
6/7/2023,96.82,94.38,78.84,77.88,18.69,24.06
6/8/2023,101.05,96.28,86.7,85.48,15.28,17.9
6/9/2023,88.83,80.46,73.04,72.39,16,2.54
6/10/2023,103.2,95.81,86.17,84.78,14.68,21.08
6/11/2023,96.9,91.68,86.34,87.55,10.58,20.45
6/12/2023,91.24,87.3,80.04,77.41,12.44,13.2
6/13/2023,94.45,89.61,80.76,77.43,14.22,18.59
6/14/2023,97.48,95.05,79.04,77.07,18.88,10.7
6/15/2023,95.03,86.38,81.41,78.22,11.9,12.65
6/16/2023,97.31,92.73,85.9,82.69,10.69,22.49
6/17/2023,89.97,81.84,75.35,72.84,15.03,13.64
6/18/2023,95.38,92.13,85.13,82.5,10.66,5.65
6/19/2023,87.43,82.87,78.19,75.67,10.45,14.68
6/20/2023,93.9,90.04,84.81,83.63,8.95,14.61
6/21/2023,89.9,83.67,77.33,75.28,12.97,20.99
6/22/2023,90.7,88.72,78.86,77.1,11.86,15.07
6/23/2023,100.52,97.57,89.68,88.78,9.85,12.89
6/24/2023,99.75,95.93,86.13,83.64,11.36,20.23
6/25/2023,97.3,92.18,81.2,79.31,16.53,15.6
6/26/2023,88.75,85.48,74.1,72.98,14.83,11.25
6/27/2023,92.59,86.55,79.42,75.89,12.56,20.77
6/28/2023,100.2,96.9,81.3,77.29,17.28,15.97
6/29/2023,94.8,93.36,80.15,78.9,15.28,15.01
6/30/2023,105.65,102.51,93.09,91.72,12.29,15.89
7/1/2023,95.98,89.72,75.01,75.57,21.53,9.65
7/2/2023,94.93,90.91,85.3,83.75,11.5,12.36
7/3/2023,92.39,85.18,81.89,81.08,8.35,15.02
7/4/2023,94.56,90.98,79,77.22,14.86,14.03
7/5/2023,93.09,89.33,80.75,79.44,12.12,21.36
7/6/2023,97.35,88.74,82.76,82.77,16.05,16.09
7/7/2023,98.55,91.3,87.46,83.59,9.46,19.27
7/8/2023,89.8,84.74,79.28,78.1,12.46,15.05
7/9/2023,87.03,82.08,69.78,70.52,17.39,20.28
7/10/2023,84.47,77.82,73.56,72.37,10.81,16.99
7/11/2023,96.15,92.12,81.11,81.14,14.84,15.07
7/12/2023,88.05,84.15,75.09,72.96,12.52,14.93
7/13/2023,82.76,78.24,68.16,66.77,15.65,10.23
7/14/2023,95.43,89.15,86.36,84.67,8,17.53
7/15/2023,105.91,102.72,93.15,89.07,13.11,14.8
7/16/2023,93.38,92.02,77.15,74.44,15.84,12.49
7/17/2023,97.56,91.72,78.93,76.25,17.88,20.53
7/18/2023,93.74,87.83,78.52,77.77,17.8,8.75
7/19/2023,92.8,89.14,80.18,79.45,13.04,12.89
7/20/2023,97.85,92.24,83.89,82.54,14.57,20.14
7/21/2023,91.77,86.9,81.76,80.95,11.14,16.58
7/22/2023,94.52,91.27,82.71,80.89,10.39,14.76
7/23/2023,94.75,86.19,83.45,82.98,13.06,16.26
7/24/2023,89.77,87.91,77.28,75.74,9.98,15.9
7/25/2023,98.03,93.27,79.16,77.63,18.1,7.42
7/26/2023,92.16,86.73,77.75,75.93,13.95,13.25
7/27/2023,89.22,84.58,79.02,78.12,10.78,23.08
7/28/2023,95.64,90.79,81.14,79.1,14.72,11.7
7/29/2023,88.43,80.55,76.68,76.12,11.59,13.41
7/30/2023,93.03,91.37,78.12,75.43,14.9,12.29
7/31/2023,92.81,88.25,75.8,73.19,16.03,14.56
8/1/2023,98.25,94.23,83.14,82.17,13.61,12.08
8/2/2023,95.16,92.31,81.82,80.09,14.07,17.43
8/3/2023,92.63,85.96,76.77,74.78,16.56,15.99
8/4/2023,96.81,92.92,81.58,80.84,16.81,18.87
8/5/2023,99.64,94.13,81.88,79.63,16.97,9.75
8/6/2023,95.45,92.37,84.49,82.6,11.65,13.3
8/7/2023,92.68,83.79,77.9,77.74,14.5,13.87
8/8/2023,86.04,81.54,77.49,77.48,9.74,17.28
8/9/2023,87.24,81.67,78.74,78.74,9.52,11.03
8/10/2023,91.01,87.33,77.12,75.29,14.11,19.58
8/11/2023,89.46,85.93,73.02,72.79,16.11,20.93
8/12/2023,91.55,85.55,71.56,69.18,20.95,10.06
8/13/2023,92.74,86.68,74.41,72.02,18.97,12.55
8/14/2023,95.07,90.1,76.69,72.81,17.7,12.34
8/15/2023,92.05,85.65,82.38,82.4,8.34,28.16
8/16/2023,94.81,91.75,80.93,78.45,13.58,12.85
8/17/2023,92.67,87.3,79.94,78.21,14.25,23.39
8/18/2023,82.45,72.51,63.42,61.24,20.17,8.67
8/19/2023,87.6,82.47,70.87,70.15,15.62,10.05
8/20/2023,91.56,84.9,80.48,78.5,9.9,11.57
8/21/2023,86.21,78.63,74.13,71.35,13.35,10.77
8/22/2023,95.23,87.99,80.51,79.34,13.59,13.66
8/23/2023,99.86,95.09,86.58,83.41,13.79,11.46
8/24/2023,98.28,96.03,88.45,85.84,9.22,10.9
8/25/2023,91.1,87.17,76.77,73.13,15.95,20.79
8/26/2023,99.6,93.41,84.87,81.75,13.96,21.12
8/27/2023,92.88,89.14,79.52,78.11,14.5,19.75
8/28/2023,90.43,84.99,84.04,80.4,6.57,17.62
8/29/2023,89.03,83.19,69.38,66.51,19.9,15.46
8/30/2023,90.57,83.73,79.03,77.45,9.57,12.51
8/31/2023,90.12,82.11,76.26,74.19,11.66,10.23
9/1/2023,92.9,87.48,80.67,81.05,12.01,16.81
9/2/2023,92.84,88.51,76.94,77.24,16.14,9.13
9/3/2023,92.04,87.24,78.09,75.66,12.83,10.03
9/4/2023,94.2,88.65,82.2,81.11,10.91,20.76
9/5/2023,97.95,91.16,92.6,91.5,5.92,24.5
9/6/2023,96.74,93.12,84.65,82.36,12.65,16.97
9/7/2023,84.55,77.69,69.33,66.44,15.09,20.53
9/8/2023,79.2,76.79,66.05,64.72,13.93,13.77
9/9/2023,96.63,89.8,80.78,78.99,14.68,8.31
9/10/2023,85.12,79.36,66.96,65.19,17.8,18.06
9/11/2023,90.82,83.35,76.21,75.13,16.26,17.85
9/12/2023,86.09,80.78,75.38,73.12,10.78,15.36
9/13/2023,82.93,80.73,66.66,64.18,16.39,13.79
9/14/2023,94.64,90.94,83.59,82.03,13.36,19.81
9/15/2023,95.72,92.9,82.83,81.56,11.5,10.07
9/16/2023,89.04,85.64,73.48,70.84,16.36,11.13
9/17/2023,78.97,72.81,66.7,66.29,13.93,9.96
9/18/2023,89.19,84.07,80.61,77.23,8.26,15.42
9/19/2023,93.88,87.63,82,79.78,12.74,9.56
9/20/2023,84.53,82.97,71.88,70.18,11.67,11.58
9/21/2023,92.84,85.81,78.2,76,13.95,11.47
9/22/2023,91.85,89.05,78.31,76.17,13.93,13.7
9/23/2023,94.83,91.87,79.07,79.36,16.56,7.56
9/24/2023,92.54,91.57,72.34,70.04,21.32,15.44
9/25/2023,87.08,81.9,80.14,80.98,8.5,21.24
9/26/2023,97.93,94.46,83.71,82.47,14.16,15.68
9/27/2023,91.16,91.17,78.68,77.2,13.67,22.71
9/28/2023,91.83,86,77.88,76.8,13.61,21.67
9/29/2023,87.31,79.87,72.01,73.1,16.2,18.89
9/30/2023,89.77,81.52,75.74,73.24,14.23,15.37
10/1/2023,87.57,84.62,69.64,67.12,18.38,15.11
10/2/2023,91.14,82.82,84.3,81.86,7.26,18.82
10/3/2023,100.58,94.8,81.79,80.18,17.19,13.04
10/4/2023,85.17,81.79,69.3,66.19,14.75,5.59
10/5/2023,83.98,80.15,70.06,68.68,14.02,17.46
10/6/2023,99.42,95.3,88.37,88.3,9.36,9.34
10/7/2023,91.03,86.92,77.42,76.02,14.44,10.19
10/8/2023,88.75,86.87,71.73,70,17.89,15
10/9/2023,97.31,90.54,86.48,84.13,11.16,14.52
10/10/2023,89.1,83.29,77.93,77.27,10.05,7.94
10/11/2023,101.28,94.67,87.7,85.12,14.96,15.83
10/12/2023,95.56,92.44,83.37,83.55,14.22,19.83
10/13/2023,89.75,87.07,83.47,83.74,6.43,9.36
10/14/2023,103,98.75,94.11,92.48,9.41,21.36
10/15/2023,89.21,87.12,73.77,72.28,15.64,7.2
10/16/2023,95.97,88.82,86.45,85.75,10.05,25.59
10/17/2023,93.78,92.43,80.86,80.34,12.8,12.94
10/18/2023,98.82,96.93,85.49,82.98,13.29,15.73
10/19/2023,100.15,96.61,80.05,77.92,21,5.54
10/20/2023,92.53,91.46,78.14,75.25,16.74,14.69
10/21/2023,88.63,80.88,72.89,71.85,14.33,16.14
10/22/2023,94.72,88.94,83,82.01,11.62,14.57
10/23/2023,89.06,83.14,78.92,75.99,8.97,12.18
10/24/2023,102.55,98.87,80.94,78.87,23.2,10.27
10/25/2023,93.2,86.44,79.15,76.22,13.46,20.65
10/26/2023,90.72,87.7,80.48,77.97,8.8,15.15
10/27/2023,93.5,91.57,78.92,77.89,15.22,22.7
10/28/2023,85.88,82.98,75.18,72.95,12.44,12.37
10/29/2023,87.79,83.97,75.68,73.86,12.78,12.83
10/30/2023,98.69,91.78,84.91,81.58,13.98,19.08
10/31/2023,89.44,83.27,75.21,73.89,14.64,6.89
11/1/2023,87.52,85.65,70.74,69.29,18.19,8.93
11/2/2023,95.48,92.26,77.79,75.51,16.81,20.49
11/3/2023,98.76,93.75,86.08,84.17,12.57,9.14
11/4/2023,96.47,90.81,82.06,80.6,13.96,5.9
11/5/2023,97.89,88.95,82.79,80.32,13.93,24.34
11/6/2023,89.17,82.57,74.52,71.56,14.32,8.03
11/7/2023,85.89,85.42,72.09,72.45,14.91,15.92
11/8/2023,100.54,92.96,88.6,86.2,12.51,15.35
11/9/2023,91.47,87.27,76.74,75.11,15.37,0.95
11/10/2023,91.87,89.29,74.07,73.6,17.95,13.66
11/11/2023,99.81,92.31,87.07,88.86,13.26,17.24
11/12/2023,95.99,91.56,80.98,78.12,14.21,16.77
11/13/2023,95.54,92.64,81.3,80.13,13.93,19.52
11/14/2023,104.13,98.95,93.33,90.76,10.99,13.06
11/15/2023,90.13,91.36,76.55,74.48,13.86,18.56
11/16/2023,98.04,89.8,84.2,81.8,14.16,11.55
11/17/2023,93.73,91.16,76.14,73.49,17.46,7.95
11/18/2023,94.84,89.75,79.95,78.31,14.51,8.51
11/19/2023,101.19,97.67,87.84,84.61,16.51,7.69
11/20/2023,96.14,92.21,77.05,76.45,19.99,20.05
11/21/2023,96.34,90.06,82.49,80.9,14.26,7.43
11/22/2023,99.06,94.57,84.5,83.24,14.32,16.37
11/23/2023,91.92,83.61,78.26,76.23,13.21,13.67
11/24/2023,89.61,86.33,79.28,77.32,10.2,14.49
11/25/2023,88.63,84.8,76.34,75.1,12.58,21.82
11/26/2023,84.08,81.15,75.9,73.22,6.3,12.81
11/27/2023,104.24,101.15,85.63,83.55,17.05,18.06
11/28/2023,88.5,84.81,75.63,73.26,12.23,15.19
11/29/2023,92.96,88.61,79.27,76.8,13.9,14.24
11/30/2023,92.74,86.34,75.62,72,16.88,26.5
12/1/2023,95.72,89.51,84.23,83.88,12.97,7.79
12/2/2023,98.32,95.77,90.54,88.05,6.29,21.45
12/3/2023,98.6,96.54,83.76,83.24,14.09,18.28
12/4/2023,91.44,86.39,79.24,78.72,13.72,12.6
12/5/2023,93.57,88.99,79.79,76.91,13.91,23.15
12/6/2023,95.88,89.28,79.36,76.68,17.41,5.76
12/7/2023,93.28,90.96,73.83,74.91,21.51,12.39
12/8/2023,102.62,98.82,85.11,85.16,16.82,8.96
12/9/2023,97.1,96.12,78.36,76.76,18.64,17.06
12/10/2023,98.37,91.7,88.73,87.21,9.37,9.43
12/11/2023,98.07,92.41,83.02,80.73,13.1,17.17
12/12/2023,100.69,96.12,84.55,83.29,15.83,14.07
12/13/2023,95.78,92.29,84.08,81.69,12.58,12.6
12/14/2023,88.46,83.6,71.82,68.35,17.17,16.94
12/15/2023,97,90.4,80.15,77.22,17.47,13.66
12/16/2023,91.8,88.98,78.24,76.69,13.19,9.56
12/17/2023,92.48,89.3,81.69,78.93,10.13,29.01
12/18/2023,98.11,91.38,84.9,83.14,14.48,12.56
12/19/2023,101.44,99.07,86.97,84.15,13.97,3.91
12/20/2023,95.41,92.98,81.33,78.93,14.37,10.79
12/21/2023,96.91,92.33,83.58,82.76,13.5,8.66
12/22/2023,103.94,98.9,88.95,87.42,16.45,19.13
12/23/2023,96.7,92.97,79.1,77.51,18.57,16.61
12/24/2023,108.56,101.41,92.42,91.45,14.85,16.99
12/25/2023,98.44,93.58,80.46,79.33,16.8,13.15
12/26/2023,86.87,78.23,74.09,74.05,13.37,13.6
12/27/2023,99.51,96.29,83.14,81.02,16.3,13.15
12/28/2023,97.71,89.7,90.67,88.43,6.58,14.59
12/29/2023,102.31,100.21,86.85,83.81,16.48,19.18
12/30/2023,99.29,93.67,80.19,78.15,19.29,16.68
12/31/2023,95.3,90.11,80.6,79.95,14.75,17.5
1/1/2024,89.93,84.18,78,77.74,12.71,17.5
1/2/2024,95.07,89.74,85.83,85.07,8.87,19.42
1/3/2024,91.93,90.17,76.37,73.05,17.13,16.44
1/4/2024,93.34,83.7,74.59,74.18,17.96,16.79
1/5/2024,99.25,96.84,86.81,83.24,13.09,20.94
1/6/2024,104.72,100.16,84.87,84.07,21.28,11.67
1/7/2024,98.4,91.07,82.33,80.32,14.69,10.72
1/8/2024,90.51,83.84,76.16,75.34,14.01,9.07
1/9/2024,98.78,97.19,83.75,80.74,16.17,15.91
1/10/2024,102.6,95.58,89.28,88.66,14.48,5.73
1/11/2024,93.63,86.64,77.53,74.52,15.92,17.31
1/12/2024,96.07,93.54,80.84,78.55,14.5,14.45
1/13/2024,96.87,92.71,82.3,79.66,15.53,20.67
1/14/2024,92.94,86.41,79.44,76.1,14.68,11.64
1/15/2024,100.16,95.59,85.43,83.82,13.57,13.98
1/16/2024,96.38,89.51,83.23,83.37,11.94,20.61
1/17/2024,99.14,96.39,86.8,87.73,12.56,21.92
1/18/2024,92.67,90.16,79.94,78.44,13.35,11.6
1/19/2024,94.98,91.29,82.09,81.57,12.59,15.91
1/20/2024,100.83,96.52,80.96,79.58,20.55,16.47
1/21/2024,95.42,94.17,81.26,80.13,13.45,16.87
1/22/2024,105.98,100.68,91.52,89.35,12.34,13.69
1/23/2024,95.4,88.27,83.28,81.81,11.7,21.41
1/24/2024,98.58,94.55,81.72,80.62,16.93,5.55
1/25/2024,102.18,101.24,84.88,82.6,17.03,12.89
1/26/2024,90.48,83.93,75.19,73.61,14.14,17.24
1/27/2024,88.83,83.66,77.11,75.51,9.9,17.29
1/28/2024,90.06,86.39,79.65,78.89,9.89,21.76
1/29/2024,104.06,98.75,87.23,84.42,17.73,20.99
1/30/2024,95.04,88.33,83.51,81.79,12.79,13.57
1/31/2024,110.65,107.36,94.42,94.44,17.41,21.5
2/1/2024,95.09,94.98,80.45,80.01,13.82,11.43
2/2/2024,98.89,94.34,83.42,83.1,14.31,19.65
2/3/2024,105.73,98.64,92.11,90.29,14.12,24.05
2/4/2024,108.11,99.6,92.87,91.33,15.87,21.07
2/5/2024,108.44,103.53,99,98.02,9.84,15.53
2/6/2024,104.22,101.22,86.03,85.87,16.18,13.34
2/7/2024,103.35,99.14,89.4,85.66,13.08,7.36
2/8/2024,101.25,96.18,84.47,81.47,16.74,16.55
2/9/2024,102.23,95.94,84.29,83.91,18.43,9.42
2/10/2024,95.63,88.66,81.25,79.35,15.14,11.03
2/11/2024,94.35,91.3,80.61,78.32,13.88,9.05
2/12/2024,98.47,95.37,92.45,89.35,6.35,12.7
2/13/2024,97.68,89.71,82.48,80.27,15.29,14.86
2/14/2024,96.32,94.68,78.48,75.51,18.52,16.37
2/15/2024,102.11,98.15,87.61,87.95,14.81,12
2/16/2024,103.45,101.08,81.71,80.05,21.81,20.35
2/17/2024,99.17,91.52,84.01,82.28,14.88,13.96
2/18/2024,106.16,98.12,90.28,89.06,15.96,11.06
2/19/2024,93.11,88.15,81.52,80.86,12.07,16.13
2/20/2024,97.89,94,86.13,85.35,12.03,24.82
2/21/2024,95.32,94.14,79.51,78.99,16.19,16.68
2/22/2024,89.61,86.54,75.72,73.57,15.24,13.19
2/23/2024,98.57,93.16,81.49,79.56,17.35,7.36
2/24/2024,98.42,91.45,80.27,79.44,17.5,13.9
2/25/2024,106.64,103.76,91.57,89.21,15.95,16.17
2/26/2024,102.26,95.22,83.1,81.44,17.79,13.06
2/27/2024,94.03,92.58,78.68,77.5,14.27,6.67
2/28/2024,108.46,102.47,89.2,88.2,19.59,10.75
2/29/2024,105.33,103.24,91.18,87.58,14.67,22.27
3/1/2024,102.17,98.42,92.25,91.12,8.68,22.17
3/2/2024,98.17,92.98,79.54,77.71,18.25,10.57
3/3/2024,94.54,88.77,74.8,74.01,19.13,18.36
3/4/2024,97.51,91.95,82.51,81.63,14.51,9.11
3/5/2024,104.85,100.46,89.17,88.99,16.62,22.02
3/6/2024,108.86,103.57,93.19,92.68,16.38,16.23
3/7/2024,107.18,100.64,89.77,89.32,17.4,19.75
3/8/2024,97.05,91.87,81.89,81.7,14.61,6.42
3/9/2024,93.93,89.39,80.94,79.62,11.64,18.39
3/10/2024,100.26,90.99,88.35,86.61,13.34,14.96
3/11/2024,90.75,87.13,71.27,70.72,20.07,19.26
3/12/2024,101.23,94.21,84.94,83.97,15.59,19.57
3/13/2024,98.91,91.65,84.71,82.71,14.91,15.33
3/14/2024,97.34,89.1,79.99,78.79,17.28,12
3/15/2024,91.72,83.55,83.16,81.46,8.28,18.9
3/16/2024,102.29,94.46,85.04,82.48,17.68,14.7
3/17/2024,97.08,90.81,82.4,82.04,13.94,10.64
3/18/2024,93.92,93.13,81.5,79.92,12.08,10.4
3/19/2024,85.43,80.11,70.84,71.47,14.71,7.61
3/20/2024,99.67,95.05,79.18,75.97,19.99,12.45
3/21/2024,108.69,104.06,91.1,88.72,18.26,20.51
3/22/2024,108.16,103.01,95.02,93.15,15,15.89
3/23/2024,97.58,92.55,81.94,81.43,14.89,12.35
3/24/2024,96.88,89.64,79.81,78.61,15.41,19.02
3/25/2024,102.25,100.04,89.69,88.21,10.56,10.84
3/26/2024,94.93,93.8,79.7,76.98,15.08,15.48
3/27/2024,101.45,93.01,84.7,81.85,16.08,14.1
3/28/2024,103.78,96.54,88.66,87.21,15.33,18.9
3/29/2024,106.1,100.23,92.5,89.28,13.74,7.11
3/30/2024,99.48,92.57,91.7,89.33,6.17,10.75
3/31/2024,98.97,95.03,86.61,85.37,10.55,6.81
4/1/2024,95.61,89.37,84.75,82.07,11.16,13.7
4/2/2024,95.87,95.41,79.98,79.98,16.03,21.06
4/3/2024,98.89,96.32,80.97,80.58,17.48,12.47
4/4/2024,101.86,97.19,86.77,83.46,13.44,12.45
4/5/2024,104.6,101.42,89.23,86.52,15.84,19.36
4/6/2024,96.02,93.43,78.38,74.53,18.91,20.34
4/7/2024,107.51,101,90.86,88.26,16.93,14.56
4/8/2024,98.69,92.13,85.09,84.15,12.76,18.42
4/9/2024,99.95,95.1,86.04,83.9,13.96,9.62
4/10/2024,96.32,93.23,83.38,82.18,11.57,21.89
4/11/2024,87.94,83.82,75.62,72.58,13.38,25.74
4/12/2024,104.48,96.1,87.29,86.34,17.27,17.61
4/13/2024,103.74,96.95,86.64,84.35,15.33,4.58
4/14/2024,98.65,93.57,80.26,78.66,18.09,12.21
4/15/2024,100.39,95.22,90.69,88.78,10.17,18.06
4/16/2024,102.63,101.45,87.28,84.26,15.02,12.89
4/17/2024,92.24,84.85,77.73,75.02,14.23,21.36
4/18/2024,97.4,93.54,80,79.37,16.17,17.94
4/19/2024,104.01,101.79,97.22,95.67,7.36,11.47
4/20/2024,93.76,93.62,76.48,76,16.64,15.16
4/21/2024,101.5,95.61,84.99,83.61,14.35,10.53
4/22/2024,93.24,89.56,80.5,79.03,12.37,14.09
4/23/2024,102.34,98.37,88.79,85.29,14.53,12.23
4/24/2024,99.83,95.23,87.73,85.7,11.71,20.87
4/25/2024,91.92,87.12,83.55,81.85,10.1,25.58
4/26/2024,105.81,101.39,91.45,91.58,14.78,7.84
4/27/2024,96.3,86.42,78.69,77.8,17.95,5.38
4/28/2024,95.91,92.48,80.75,80.67,15.03,13.77
4/29/2024,100.95,96.15,86.73,85.59,14.15,7.41
4/30/2024,105.67,99.95,96.03,93.4,9.38,15.23
5/1/2024,94.84,94.19,76.42,75.01,18.12,18.74
5/2/2024,100.21,93.85,88.79,87.25,11.95,22.47
5/3/2024,102.03,96.12,87.26,84.58,13.83,16.01
5/4/2024,103.33,102.15,90.35,88.16,11.91,14.03
5/5/2024,100.73,94.03,85.32,83.4,14.29,5.11
5/6/2024,98,92,80.77,80.76,19.27,15.13
5/7/2024,95.67,90.6,83.58,79.82,12.63,15.36
5/8/2024,100.22,96.89,87.15,86.62,13.37,18.19
5/9/2024,94.41,90.11,83.17,80.57,10.19,11.46
5/10/2024,85.14,78.3,72.33,69.51,13.43,12.82
5/11/2024,101.91,95.75,84.83,84.31,16.97,7.61
5/12/2024,104.23,97.8,83.92,82.97,20.52,3.54
5/13/2024,87.87,83.32,77.15,76.86,9.75,9.46
5/14/2024,94.61,90.73,81.69,80.86,13.08,7.15
5/15/2024,102.73,98.43,84.42,84.79,17.88,16.68
5/16/2024,109.9,100.85,91.8,90.52,17.33,12.41
5/17/2024,99.69,96.83,83.33,81.51,17.09,12.31
5/18/2024,95.92,91.63,77.08,75.88,17.3,10.08
5/19/2024,98.61,96.45,81.37,80.99,17.81,1.16
5/20/2024,106.38,101.95,87.02,84.5,20.04,22.54
5/21/2024,96.24,93.63,80.57,78.31,14.79,10
5/22/2024,95.45,91.61,78.91,77.03,15.71,12.94
5/23/2024,97,94.84,77.57,73.91,19.21,7.73
5/24/2024,94.62,90.93,86.49,84.9,8.41,19.86
5/25/2024,99.97,94.77,88.73,85.07,11.08,15.72
5/26/2024,107.45,106.62,88.99,87.27,18.89,10.87
5/27/2024,100.91,97.64,86.59,85.72,16.08,13.04
5/28/2024,98,94.24,84.55,82.38,12.94,23.39
5/29/2024,97.77,90.33,86.68,86.62,9.38,14.64
5/30/2024,91.38,84.23,75.21,72.25,16.99,14.09
5/31/2024,103.58,98.98,91.32,90.68,13.94,10.29
6/1/2024,98.74,94.09,82.28,81.31,16.85,5.53
6/2/2024,98.19,92.05,79.45,76.15,17.65,14.2
6/3/2024,115.02,109.55,99.94,100.65,14.96,16.63
6/4/2024,100.52,98.67,89.31,87.46,10.09,20.5
6/5/2024,95.23,91.86,88.71,86.05,7.16,3.76
6/6/2024,96.82,89.7,78.7,75.72,16.77,9.37
6/7/2024,104.66,99.2,91.05,89.01,13.3,12.1
6/8/2024,99.44,92.86,83.3,81.5,15.14,14.98
6/9/2024,91.65,86.29,80.25,78.75,11.52,14.27
6/10/2024,103.4,97.4,83.48,81.51,19.55,14.39
6/11/2024,95.42,89.7,77.32,76.41,18.28,17.04
6/12/2024,108.09,100.18,89.55,87.37,18.56,10.48
6/13/2024,104.09,98.63,88.71,85,14.39,19.67
6/14/2024,96.41,90.47,80.03,78.28,17.01,17.17
6/15/2024,105.02,93.91,91.24,87.05,13.73,13.4
6/16/2024,98.91,98.07,87.16,85.77,10.77,23
6/17/2024,102.8,99.83,89.18,86.41,15.86,22.78
6/18/2024,100.92,95.12,90.64,88.99,10.76,19.66
6/19/2024,94.22,89.55,81.34,81.02,12.73,0.09
6/20/2024,95.2,88.09,77.27,74.77,19.35,22.89
6/21/2024,103.52,101.74,92.09,91.31,13.28,18.97
6/22/2024,96.66,95.62,80.35,78.31,16.17,25.03
6/23/2024,96.28,91.78,84.57,84.63,12.06,21.19
6/24/2024,93.48,90.85,84.18,82.13,8.31,22.89
6/25/2024,100.33,95.67,86.65,84.08,13.53,19.39
6/26/2024,108.49,100.39,87.72,86.66,20.56,21.74
6/27/2024,92.79,87.33,76.12,74.16,16.86,24.97
6/28/2024,98.21,93.57,87.45,84.86,11.1,16.08
6/29/2024,105.11,98.95,88.84,86.58,16.83,7.14
6/30/2024,97.61,92.29,83.21,81.5,14.64,13.46
7/1/2024,100.23,95.04,87.47,87.07,11.55,16.95
7/2/2024,92.62,87.82,80.81,77.26,10.87,15.37
7/3/2024,100.03,95.13,85.86,84.17,13.62,8.77
7/4/2024,96.91,89.95,81.75,80.74,14.88,6.84
7/5/2024,102.74,96.17,86.39,84.85,17.4,11.29
7/6/2024,103.7,95.95,90.72,90.22,11.82,19.04
7/7/2024,110.67,107.1,95.73,93.74,14.58,22.9
7/8/2024,100.58,91.34,84.72,82.85,16.81,19.58
7/9/2024,99.27,96.62,87.63,86.47,11.35,20.29
7/10/2024,98.58,96.42,83.4,81.84,15.63,14.6
7/11/2024,95.8,90.41,78.88,76.91,16.79,6.29
7/12/2024,99.22,89.05,82.06,80.93,17.42,12.72
7/13/2024,96.01,90.49,78.67,76.45,17.11,13.71
7/14/2024,98.29,93.25,82.73,80.46,16.23,12.51
7/15/2024,104,96.77,92.1,89.73,10.35,15.27
7/16/2024,92.34,86.69,76.07,75.9,15.9,17.21
7/17/2024,103.03,100.94,88.14,83.16,15.19,19.27
7/18/2024,103.88,100.01,86.33,84.99,18.09,13.61
7/19/2024,96.66,89.98,81.38,79.79,16.77,5.48
7/20/2024,86.61,79.08,69.09,66.02,17.13,12.59
7/21/2024,94.14,88.78,79.36,78.08,16.26,15.22
7/22/2024,103.63,98.02,87.5,86.23,15.47,21.11
7/23/2024,96.99,93.13,84.06,82.97,14.26,12.16
7/24/2024,92.07,86.4,78.93,74.7,13.96,17.56
7/25/2024,94.51,90.8,76.74,76.57,16.86,16.45
7/26/2024,101.2,100.01,89.27,86.75,12.23,15.22
7/27/2024,99.69,96.34,85.37,84.35,14.27,19.65
7/28/2024,95.73,90.85,81.96,81.07,14.39,11.7
7/29/2024,95.05,89.94,80.77,78.28,14.06,12.12
7/30/2024,94.9,89.44,79.11,78.19,15.48,14.94
7/31/2024,92.21,89.96,79.03,77.06,14.55,11.8
8/1/2024,104.86,98.37,90.56,86.68,14.2,17.54
8/2/2024,95.14,90.48,75.63,75.29,20.34,11.43
8/3/2024,102.81,97.77,85.77,83.28,16.81,16.13
8/4/2024,104.3,98.08,87.89,85.27,18.08,14.5
8/5/2024,101.65,93.82,87.17,85.02,13.8,16.07
8/6/2024,94.47,90.39,83.88,82.47,9.98,12.7
8/7/2024,98.61,93.56,81.51,79.82,18.63,13.3
8/8/2024,96.44,92.62,80.48,79.42,15.52,15.48
8/9/2024,92.02,86.35,76.68,73.8,16.94,16.01
8/10/2024,98.13,95.66,81.01,78.64,18.02,14.98
8/11/2024,90.58,84.3,75.95,74.32,14.47,23.53
8/12/2024,102.39,100.69,89.34,89.45,11.23,10.05
8/13/2024,94.1,85.9,76.82,75.17,17.26,14.68
8/14/2024,97.4,93.4,84.08,83.48,13.43,7.13
8/15/2024,97.79,93.85,78.01,76.49,20.94,16.86
8/16/2024,95.05,88.71,79.11,77.04,17.53,9.42
8/17/2024,99.26,95.14,83.38,81.46,15.19,13.61
8/18/2024,93.92,91.79,84.86,82.99,9.87,13.14
8/19/2024,100.63,91.17,84.71,83.62,16.68,16.4
8/20/2024,89.52,86.05,69.49,69.47,21.11,12.24
8/21/2024,96.86,87.03,76.34,75.17,21.02,12.02
8/22/2024,105.9,98.68,90.12,89.5,13.84,22.18
8/23/2024,91.19,89.88,79.35,76.8,11.68,16.42
8/24/2024,92.78,86.98,79.99,77.97,11.63,12.19
8/25/2024,98.72,91.43,84.41,82,14.1,13.75
8/26/2024,97.03,91.78,85.96,84.56,12.05,23.23
8/27/2024,97.87,97.11,81.57,79.58,16.6,13.82
8/28/2024,98.54,89.95,86.44,85.45,13.24,11.55
8/29/2024,99.25,92.19,79.47,76.95,20.13,11.58
8/30/2024,101.61,99.53,83.66,82.03,16.66,12.25
8/31/2024,98.1,96.91,77.96,77.09,17.61,12.03
9/1/2024,94.83,89.88,79.78,76.12,15.2,8.6
9/2/2024,99.38,91.94,84.34,84.77,14.83,9.38
9/3/2024,105.51,104.42,90.02,87.94,14.51,10.85
9/4/2024,95.33,93.76,81.22,77.57,12.41,17.96
9/5/2024,91.11,87.92,74.66,73.33,15.72,13.09
9/6/2024,101.51,94.81,85.71,84.03,15.6,13.96
9/7/2024,95.37,90.5,76.57,74.96,19.46,21.35
9/8/2024,85.1,80.52,76.42,75.88,8.86,21.48
9/9/2024,100.19,95.84,84.25,83.31,17.55,13.59
9/10/2024,93.27,91.51,77.81,76.55,14.42,11.85
9/11/2024,95.49,92.47,85.93,84.66,10.44,10.68
9/12/2024,97.59,90.56,79.23,77.54,18.41,18.46
9/13/2024,96.88,94.79,78.97,79.17,18.6,13.98
9/14/2024,99.47,95.13,81.26,78.16,17.77,13.07
9/15/2024,93.75,90.43,79.48,78.03,15.34,10.93
9/16/2024,98.49,96.5,85.01,83.37,13.77,11.15
9/17/2024,94.62,87.67,82.65,81.81,11.3,16.6
9/18/2024,99.62,94.56,92.39,89.7,7.21,8.42
9/19/2024,99,92.99,77.4,74.11,21.36,19.97
9/20/2024,91.25,83.55,79.39,77.96,12.35,12.33
9/21/2024,101.36,96.98,84.48,83.07,15.7,14.25
9/22/2024,93.25,93.61,77.5,77.44,15.72,8.32
9/23/2024,99.98,91.3,83.12,80.19,17.25,14.94
9/24/2024,97.78,92.82,80.38,79.93,17.43,13.36
9/25/2024,105.14,101.16,94.42,94.9,12.06,14.75
9/26/2024,94.84,90.34,83.14,81.1,12.47,22.36
9/27/2024,94.22,89.28,80.15,77.26,14.06,15.89
9/28/2024,95.87,88.48,85.55,83.43,10.54,11.03
9/29/2024,94.47,90.21,75.76,74.26,19,11.44
9/30/2024,99.99,93.48,81,79.94,19.39,17.98
10/1/2024,87.92,79.15,68.2,66.24,17.9,21.49
10/2/2024,90.75,88.6,75.04,75.09,15.41,16.41
10/3/2024,90.69,88.07,77.57,74.91,11.63,18.44
10/4/2024,100.8,95.86,85.98,82.53,16.09,18.05
10/5/2024,104.61,99.84,89.37,88.69,15.18,22.1
10/6/2024,95.55,92.92,76.99,73.17,18.37,5.25
10/7/2024,95.25,90.93,83.37,81.5,12.77,18.34
10/8/2024,96.46,93.45,82.71,84.17,14.17,19.92
10/9/2024,101.94,96.25,88.85,87.06,11.96,8.31
10/10/2024,91.51,89.56,72.11,69.54,19.33,10.57
10/11/2024,97.36,93.13,83.69,81.96,13.33,10.75
10/12/2024,101.07,96.4,82.34,80.65,16.98,11.36
10/13/2024,98.72,91.24,82.72,81.22,15.31,12.59
10/14/2024,97.18,92.9,84.21,83.19,12.79,16.21
10/15/2024,101.26,94.54,86.35,83.58,14.8,19.33
10/16/2024,82.77,77.35,67.8,68.13,13.49,20.41
10/17/2024,99.7,93.08,84.76,83.31,16.09,10.81
10/18/2024,93.07,86.28,74.51,73.75,18.45,10.78
10/19/2024,87.21,87.1,77.58,75.4,9.67,21.58
10/20/2024,98.95,96.66,83.49,83.11,15.86,18.23
10/21/2024,103.29,101.97,91.15,89.07,11.35,15.41
10/22/2024,95.76,88.53,79.82,78.5,16.4,17.37
10/23/2024,101.25,96.33,84.49,81.87,16.39,14.85
10/24/2024,104.57,96.76,86.6,83.87,17.08,17.62
10/25/2024,103.12,96.57,90.28,89.16,13.41,13.32
10/26/2024,104.78,97.7,86.93,84.75,19.34,16.34
10/27/2024,100.32,97.79,87.21,84.61,13.84,7.45
10/28/2024,97.02,91.38,81.32,79.05,16.62,11.56
10/29/2024,88.67,86.38,69.44,68.75,18.71,11.61
10/30/2024,95.49,91.92,79.45,77.24,14.44,13.13
10/31/2024,92.54,92.52,75.12,73.5,18.91,10.37
11/1/2024,107.65,99.31,91.6,89.79,18.1,12.33
11/2/2024,95.95,93.67,77.99,74.51,19.51,7.43
11/3/2024,97.49,94.91,85.64,82.46,11.51,17.74
11/4/2024,99.67,92.74,84.45,83.09,14.07,14.59
11/5/2024,97.17,94.33,82.06,79.68,14.04,6.47
11/6/2024,105.47,100.87,91.62,90.84,12.17,10.83
11/7/2024,93.92,88.77,82.73,82.04,11.09,16.68
11/8/2024,98.05,91.5,83.28,82.34,16.37,12.28
11/9/2024,93.41,87.3,77.08,77.36,16.18,11.52
11/10/2024,90.57,90.14,71.66,70.14,19.21,14.63
11/11/2024,94.15,89.45,77.97,77.06,17.56,16.72
11/12/2024,97.07,93.78,80.66,78.46,16.01,7.82
11/13/2024,95.16,88.82,81.2,82.03,15.99,17.75
11/14/2024,93.89,87.63,78.77,79.18,17.11,11
11/15/2024,90.37,88.01,78.88,77.31,11.36,14.91
11/16/2024,97.03,89.48,80.64,79.41,15.82,14.82
11/17/2024,89.97,84.64,76.3,76.14,14.36,12.36
11/18/2024,101.34,96.35,89.69,87.75,11.3,9.88
11/19/2024,98.01,93.33,84.33,81.99,12.52,13.57
11/20/2024,90.36,85.48,76.62,75.96,15.01,23.13
11/21/2024,96.15,92.13,79.92,78.4,17.44,8.19
11/22/2024,93.99,90.67,77.99,76.61,16.15,23.46
11/23/2024,99.4,95.89,81.93,79.46,16.2,13.7
11/24/2024,104.55,97.36,87.25,83.79,16.08,15.18
11/25/2024,88.53,83.53,77.52,76.2,11.12,9.57
11/26/2024,98.53,96,83.09,82.33,14.95,11.14
11/27/2024,97.21,94.14,78.58,76.78,18.29,12.49
11/28/2024,101.43,93.61,91.52,91.12,10.93,9.77
11/29/2024,99.19,94.93,85.27,82.86,14.65,13.96
11/30/2024,94.42,85.74,76.04,73.46,19.76,12.96
12/1/2024,96.64,91.9,80.82,79.13,14.83,24.25
12/2/2024,94.31,93.39,80.5,78.8,13.47,9.17
12/3/2024,103.73,96.65,93.28,92.19,11.2,15.51
12/4/2024,98.51,91.92,80.41,78.03,18.55,16.24
12/5/2024,107.97,104.1,94.7,94.18,14.8,9.65
12/6/2024,98.22,90.22,87.68,87.9,10.95,18.43
12/7/2024,95.04,89.02,78.9,77.28,17.99,13.01
12/8/2024,91.07,87.71,76.58,76.3,15.03,2.54
12/9/2024,89.68,83.93,73.12,70.6,17.62,18.3
12/10/2024,90.84,85.82,76.6,76.14,13.91,9.42
12/11/2024,100.15,96.63,85.02,84.37,15.15,9.76
12/12/2024,101.42,97.19,88.19,87.29,14.15,18.44
12/13/2024,91.03,87.01,80.65,79.02,12,13.26
12/14/2024,103.47,97.62,85.71,81.04,18.49,19.59
12/15/2024,96.64,92.55,76.24,74.08,20.32,21.05
12/16/2024,99.85,94.61,84.81,82.49,16.42,11.78
12/17/2024,107.24,102.8,92.04,89.22,13.01,18.97
12/18/2024,103.73,97.55,88.92,87.26,13.39,11.22
12/19/2024,97.96,92.7,82.29,80.22,16.36,26.17
12/20/2024,94.91,88.18,81.05,78.6,13.88,11.54
12/21/2024,88.67,84.17,79.91,77.26,9.36,20.13
12/22/2024,95.89,89.48,82.65,80.29,13.3,19.22
12/23/2024,98.5,91.34,82.6,82.07,16.47,16.58
12/24/2024,94.68,90.46,78.98,76.74,14.89,11.65
12/25/2024,99.02,94.49,83.66,81.47,15.93,14.24
12/26/2024,100.12,96.68,90.01,87.76,11.1,4.23
12/27/2024,98.68,92.88,83.33,82,16.57,16.12
12/28/2024,96.61,92.6,82.06,80.88,16.57,16.75
12/29/2024,100.77,96.83,84.21,79.48,16.81,15.67
12/30/2024,102.2,97.98,90.17,89.38,12.31,0.13
12/31/2024,94.6,88.22,86.29,86,6.79,8.67
